transaction_id,arrival_time,service_time_min,wait_time_min,transaction_type,teller_id,abandoned,response_time_min,handled,queue_length_at_arrival
1,10/21/2025 11:01,28.6,0,Pay Order,T1,FALSE,28.6,TRUE,0
2,10/21/2025 11:01,16.9,0,Withdrawal,T2,FALSE,16.9,TRUE,0
3,10/21/2025 11:03,5.8,0,Withdrawal,T3,FALSE,5.8,TRUE,0
4,10/21/2025 11:03,2,5.6,Withdrawal,T3,FALSE,7.6,TRUE,0
5,10/21/2025 11:03,7.2,6.9,Withdrawal,T3,FALSE,14.1,TRUE,0
6,10/21/2025 11:04,2.4,13.7,Transfer,T3,FALSE,16.2,TRUE,0
7,10/21/2025 11:05,2.8,12.6,Balance Check,T2,FALSE,15.3,TRUE,0
8,10/21/2025 11:06,11.2,13.9,Loan Inquiry,T3,FALSE,25.1,TRUE,0
9,10/21/2025 11:06,21.1,14.2,Loan Inquiry,T2,FALSE,35.2,TRUE,0
10,10/21/2025 11:06,1,22.7,Balance Check,T1,FALSE,23.7,TRUE,0
11,10/21/2025 11:07,26.2,23.5,Loan Inquiry,T1,FALSE,49.7,TRUE,0
12,10/21/2025 11:07,10.9,24.4,Deposit,T3,FALSE,35.2,TRUE,0
13,10/21/2025 11:07,,34.3,Deposit,,TRUE,,FALSE,0
14,10/21/2025 11:07,,34.2,Withdrawal,,TRUE,,FALSE,0
15,10/21/2025 11:08,,33.5,Withdrawal,,TRUE,,FALSE,0
16,10/21/2025 11:08,,33.1,Pay Order,,TRUE,,FALSE,0
17,10/21/2025 11:08,,33.1,Deposit,,TRUE,,FALSE,0
18,10/21/2025 11:08,,32.9,Balance Check,,TRUE,,FALSE,0
19,10/21/2025 11:09,,32.1,Deposit,,TRUE,,FALSE,0
20,10/21/2025 11:10,,31.8,Deposit,,TRUE,,FALSE,0
21,10/21/2025 11:10,,31.5,Transfer,,TRUE,,FALSE,0
22,10/21/2025 11:10,,31.3,Withdrawal,,TRUE,,FALSE,0
23,10/21/2025 11:10,,31.3,Pay Order,,TRUE,,FALSE,0
24,10/21/2025 11:11,,30.4,Deposit,,TRUE,,FALSE,0
25,10/21/2025 11:11,,30.2,Deposit,,TRUE,,FALSE,0
26,10/21/2025 11:11,,30.1,Deposit,,TRUE,,FALSE,0
27,10/21/2025 11:11,,30,Withdrawal,,TRUE,,FALSE,0
28,10/21/2025 11:13,,28.8,Withdrawal,,TRUE,,FALSE,0
29,10/21/2025 11:13,,28.8,Deposit,,TRUE,,FALSE,0
30,10/21/2025 11:13,,28.5,Deposit,,TRUE,,FALSE,0
31,10/21/2025 11:13,,28.3,Withdrawal,,TRUE,,FALSE,0
32,10/21/2025 11:13,,28.1,Loan Inquiry,,TRUE,,FALSE,0
33,10/21/2025 11:15,,26.8,Deposit,,TRUE,,FALSE,0
34,10/21/2025 11:15,,26.5,Withdrawal,,TRUE,,FALSE,0
35,10/21/2025 11:16,,25.4,Pay Order,,TRUE,,FALSE,0
36,10/21/2025 11:16,,25.3,Deposit,,TRUE,,FALSE,0
37,10/21/2025 11:16,7,25,Deposit,T2,FALSE,31.9,TRUE,0
38,10/21/2025 11:18,25.2,24.4,Deposit,T3,FALSE,49.5,TRUE,0
39,10/21/2025 11:18,,29.8,Deposit,,TRUE,,FALSE,0
40,10/21/2025 11:19,,28.9,Loan Inquiry,,TRUE,,FALSE,0
41,10/21/2025 11:20,,28.3,Withdrawal,,TRUE,,FALSE,0
42,10/21/2025 11:20,,28.3,Withdrawal,,TRUE,,FALSE,0
43,10/21/2025 11:20,,28.2,Balance Check,,TRUE,,FALSE,0
44,10/21/2025 11:20,,28.2,Withdrawal,,TRUE,,FALSE,0
45,10/21/2025 11:20,,27.9,Deposit,,TRUE,,FALSE,0
46,10/21/2025 11:20,,27.8,Loan Inquiry,,TRUE,,FALSE,0
47,10/21/2025 11:21,,27.6,Balance Check,,TRUE,,FALSE,0
48,10/21/2025 11:21,,27.3,Balance Check,,TRUE,,FALSE,0
49,10/21/2025 11:21,,27,Withdrawal,,TRUE,,FALSE,0
50,10/21/2025 11:22,,26.2,Loan Inquiry,,TRUE,,FALSE,0
51,10/21/2025 11:22,,26,Deposit,,TRUE,,FALSE,0
52,10/21/2025 11:22,,26,Deposit,,TRUE,,FALSE,0
53,10/21/2025 11:23,,25.1,Balance Check,,TRUE,,FALSE,0
54,10/21/2025 11:24,3.9,24.6,Pay Order,T2,FALSE,28.4,TRUE,0
55,10/21/2025 11:24,,28.3,Deposit,,TRUE,,FALSE,0
56,10/21/2025 11:27,,25.4,Deposit,,TRUE,,FALSE,0
57,10/21/2025 11:27,,25.1,Deposit,,TRUE,,FALSE,0
58,10/21/2025 11:28,3.8,23.9,Deposit,T2,FALSE,27.7,TRUE,0
59,10/21/2025 11:28,,27.5,Pay Order,,TRUE,,FALSE,0
60,10/21/2025 11:29,,27.2,Deposit,,TRUE,,FALSE,0
61,10/21/2025 11:29,,26.5,Balance Check,,TRUE,,FALSE,0
62,10/21/2025 11:30,,26.4,Deposit,,TRUE,,FALSE,0
63,10/21/2025 11:30,,26.3,Pay Order,,TRUE,,FALSE,0
64,10/21/2025 11:30,,25.9,Withdrawal,,TRUE,,FALSE,0
65,10/21/2025 11:30,,25.9,Withdrawal,,TRUE,,FALSE,0
66,10/21/2025 11:30,,25.7,Pay Order,,TRUE,,FALSE,0
67,10/21/2025 11:31,8.7,24.7,Deposit,T2,FALSE,33.4,TRUE,0
68,10/21/2025 11:31,,25.1,Deposit,,TRUE,,FALSE,0
69,10/21/2025 11:31,19.6,25,Pay Order,T1,FALSE,44.6,TRUE,0
70,10/21/2025 11:32,,32.4,Withdrawal,,TRUE,,FALSE,0
71,10/21/2025 11:33,,31.8,Balance Check,,TRUE,,FALSE,0
72,10/21/2025 11:33,,31.4,Deposit,,TRUE,,FALSE,0
73,10/21/2025 11:33,,31.2,Deposit,,TRUE,,FALSE,0
74,10/21/2025 11:34,,30.8,Withdrawal,,TRUE,,FALSE,0
75,10/21/2025 11:35,,29.9,Deposit,,TRUE,,FALSE,0
76,10/21/2025 11:35,,29.5,Loan Inquiry,,TRUE,,FALSE,0
77,10/21/2025 11:36,,29,Pay Order,,TRUE,,FALSE,0
78,10/21/2025 11:37,,28,Deposit,,TRUE,,FALSE,0
79,10/21/2025 11:37,,27.7,Deposit,,TRUE,,FALSE,0
80,10/21/2025 11:38,,27.1,Deposit,,TRUE,,FALSE,0
81,10/21/2025 11:38,,26.5,Deposit,,TRUE,,FALSE,0
82,10/21/2025 11:39,,25.7,Withdrawal,,TRUE,,FALSE,0
83,10/21/2025 11:39,,25.6,Loan Inquiry,,TRUE,,FALSE,0
84,10/21/2025 11:39,,25.6,Withdrawal,,TRUE,,FALSE,0
85,10/21/2025 11:40,,25.1,Withdrawal,,TRUE,,FALSE,0
86,10/21/2025 11:40,,25,Pay Order,,TRUE,,FALSE,0
87,10/21/2025 11:40,8.3,24.6,Deposit,T2,FALSE,32.9,TRUE,0
88,10/21/2025 11:40,,26.9,Deposit,,TRUE,,FALSE,0
89,10/21/2025 11:41,,26.2,Withdrawal,,TRUE,,FALSE,0
90,10/21/2025 11:41,,26.2,Balance Check,,TRUE,,FALSE,0
91,10/21/2025 11:42,,25.3,Deposit,,TRUE,,FALSE,0
92,10/21/2025 11:43,13.1,24.5,Loan Inquiry,T3,FALSE,37.6,TRUE,0
93,10/21/2025 11:43,,30.1,Withdrawal,,TRUE,,FALSE,0
94,10/21/2025 11:44,,29.1,Deposit,,TRUE,,FALSE,0
95,10/21/2025 11:44,,28.8,Pay Order,,TRUE,,FALSE,0
96,10/21/2025 11:44,,28.7,Pay Order,,TRUE,,FALSE,0
97,10/21/2025 11:46,,27.4,Deposit,,TRUE,,FALSE,0
98,10/21/2025 11:46,,27.3,Balance Check,,TRUE,,FALSE,0
99,10/21/2025 11:46,,26.9,Deposit,,TRUE,,FALSE,0
100,10/21/2025 11:47,,25.5,Deposit,,TRUE,,FALSE,0
101,10/21/2025 11:48,,25.4,Withdrawal,,TRUE,,FALSE,0
102,10/21/2025 11:48,1.8,24.8,Deposit,T2,FALSE,26.6,TRUE,0
103,10/21/2025 11:48,,26.4,Balance Check,,TRUE,,FALSE,0
104,10/21/2025 11:50,1.1,25,Balance Check,T2,FALSE,26,TRUE,0
105,10/21/2025 11:50,,25.5,Withdrawal,,TRUE,,FALSE,0
106,10/21/2025 11:51,2.7,24.8,Balance Check,T2,FALSE,27.5,TRUE,0
107,10/21/2025 11:52,2,23.7,Deposit,T1,FALSE,25.7,TRUE,0
108,10/21/2025 11:52,,25.6,Deposit,,TRUE,,FALSE,0
109,10/21/2025 11:53,,25.3,Loan Inquiry,,TRUE,,FALSE,0
110,10/21/2025 11:53,,25.3,Withdrawal,,TRUE,,FALSE,0
111,10/21/2025 11:53,,25.1,Loan Inquiry,,TRUE,,FALSE,0
112,10/21/2025 11:54,3.6,24.4,Deposit,T1,FALSE,28,TRUE,0
113,10/21/2025 11:54,1.1,24.9,Withdrawal,T2,FALSE,25.9,TRUE,0
114,10/21/2025 11:54,,25.8,Pay Order,,TRUE,,FALSE,0
115,10/21/2025 11:54,,25.7,Withdrawal,,TRUE,,FALSE,0
116,10/21/2025 11:54,,25.4,Deposit,,TRUE,,FALSE,0
117,10/21/2025 11:54,,25.2,Deposit,,TRUE,,FALSE,0
118,10/21/2025 11:55,,25.1,Deposit,,TRUE,,FALSE,0
119,10/21/2025 11:56,5.6,24.1,Loan Inquiry,T2,FALSE,29.7,TRUE,0
120,10/21/2025 11:56,7.8,24.6,Withdrawal,T3,FALSE,32.4,TRUE,0
121,10/21/2025 11:56,,25.8,Loan Inquiry,,TRUE,,FALSE,0
122,10/21/2025 11:56,,25.2,Deposit,,TRUE,,FALSE,0
123,10/21/2025 11:56,,25.2,Pay Order,,TRUE,,FALSE,0
124,10/21/2025 11:58,1,23.6,Withdrawal,T1,FALSE,24.6,TRUE,0
125,10/21/2025 11:59,41,23.4,Pay Order,T1,FALSE,64.4,TRUE,0
126,10/21/2025 11:59,,26,Pay Order,,TRUE,,FALSE,0
127,10/21/2025 12:00,,25.4,Loan Inquiry,,TRUE,,FALSE,0
128,10/21/2025 12:01,2.1,23.8,Transfer,T2,FALSE,25.9,TRUE,0
129,10/21/2025 12:02,,25.5,Deposit,,TRUE,,FALSE,0
130,10/21/2025 12:03,1.9,24.1,Deposit,T2,FALSE,26.1,TRUE,0
131,10/21/2025 12:03,2,24.6,Pay Order,T3,FALSE,26.6,TRUE,0
132,10/21/2025 12:04,,25.3,Transfer,,TRUE,,FALSE,0
133,10/21/2025 12:04,5.4,25,Deposit,T2,FALSE,30.3,TRUE,0
134,10/21/2025 12:05,1.9,24.9,Loan Inquiry,T3,FALSE,26.8,TRUE,0
135,10/21/2025 12:05,,26.7,Balance Check,,TRUE,,FALSE,0
136,10/21/2025 12:05,,26.7,Withdrawal,,TRUE,,FALSE,0
137,10/21/2025 12:06,,26.4,Balance Check,,TRUE,,FALSE,0
138,10/21/2025 12:06,,26.2,Transfer,,TRUE,,FALSE,0
139,10/21/2025 12:07,,25.3,Withdrawal,,TRUE,,FALSE,0
140,10/21/2025 12:07,11.6,24.7,Deposit,T3,FALSE,36.3,TRUE,0
141,10/21/2025 12:08,,26.6,Withdrawal,,TRUE,,FALSE,0
142,10/21/2025 12:08,,26.5,Deposit,,TRUE,,FALSE,0
143,10/21/2025 12:09,,26,Withdrawal,,TRUE,,FALSE,0
144,10/21/2025 12:09,,25.9,Deposit,,TRUE,,FALSE,0
145,10/21/2025 12:09,,25.7,Transfer,,TRUE,,FALSE,0
146,10/21/2025 12:09,,25.2,Deposit,,TRUE,,FALSE,0
147,10/21/2025 12:10,1,24.9,Withdrawal,T2,FALSE,25.9,TRUE,0
148,10/21/2025 12:10,,25.1,Deposit,,TRUE,,FALSE,0
149,10/21/2025 12:11,4.8,24.8,Withdrawal,T2,FALSE,29.6,TRUE,0
150,10/21/2025 12:11,,29.4,Deposit,,TRUE,,FALSE,0
151,10/21/2025 12:11,,29.1,Withdrawal,,TRUE,,FALSE,0
152,10/21/2025 12:12,,28.4,Deposit,,TRUE,,FALSE,0
153,10/21/2025 12:13,,27.6,Loan Inquiry,,TRUE,,FALSE,0
154,10/21/2025 12:13,,27.5,Pay Order,,TRUE,,FALSE,0
155,10/21/2025 12:13,,27.3,Pay Order,,TRUE,,FALSE,0
156,10/21/2025 12:13,,27,Deposit,,TRUE,,FALSE,0
157,10/21/2025 12:13,,27,Deposit,,TRUE,,FALSE,0
158,10/21/2025 12:14,,26.4,Withdrawal,,TRUE,,FALSE,0
159,10/21/2025 12:17,8.1,23.2,Withdrawal,T2,FALSE,31.3,TRUE,0
160,10/21/2025 12:18,,25.3,Deposit,,TRUE,,FALSE,0
161,10/21/2025 12:18,,25.2,Withdrawal,,TRUE,,FALSE,0
162,10/21/2025 12:20,1.3,23.9,Deposit,T3,FALSE,25.1,TRUE,0
163,10/21/2025 12:20,2.9,24.7,Withdrawal,T3,FALSE,27.6,TRUE,0
164,10/21/2025 12:21,,26.6,Withdrawal,,TRUE,,FALSE,0
165,10/21/2025 12:21,,26.3,Withdrawal,,TRUE,,FALSE,0
166,10/21/2025 12:22,,25.5,Deposit,,TRUE,,FALSE,0
167,10/21/2025 12:22,,25.3,Deposit,,TRUE,,FALSE,0
168,10/21/2025 12:23,,25.1,Pay Order,,TRUE,,FALSE,0
169,10/21/2025 12:23,1.4,25,Balance Check,T3,FALSE,26.4,TRUE,0
170,10/21/2025 12:24,11.3,24.4,Deposit,T2,FALSE,35.7,TRUE,0
171,10/21/2025 12:25,5.1,24.5,Deposit,T3,FALSE,29.6,TRUE,0
172,10/21/2025 12:25,,29.5,Withdrawal,,TRUE,,FALSE,0
173,10/21/2025 12:25,,28.8,Withdrawal,,TRUE,,FALSE,0
174,10/21/2025 12:26,,28.6,Deposit,,TRUE,,FALSE,0
175,10/21/2025 12:26,,28.6,Withdrawal,,TRUE,,FALSE,0
176,10/21/2025 12:26,,28,Deposit,,TRUE,,FALSE,0
177,10/21/2025 12:26,,27.9,Deposit,,TRUE,,FALSE,0
178,10/21/2025 12:26,,27.9,Deposit,,TRUE,,FALSE,0
179,10/21/2025 12:27,,27.1,Withdrawal,,TRUE,,FALSE,0
180,10/21/2025 12:27,,27.1,Balance Check,,TRUE,,FALSE,0
181,10/21/2025 12:27,,26.9,Deposit,,TRUE,,FALSE,0
182,10/21/2025 12:29,,25.4,Deposit,,TRUE,,FALSE,0
183,10/21/2025 12:29,,25.3,Deposit,,TRUE,,FALSE,0
184,10/21/2025 12:30,6.7,24.5,Deposit,T3,FALSE,31.3,TRUE,0
185,10/21/2025 12:30,,30.1,Loan Inquiry,,TRUE,,FALSE,0
186,10/21/2025 12:30,,29.3,Deposit,,TRUE,,FALSE,0
187,10/21/2025 12:31,,28.4,Deposit,,TRUE,,FALSE,0
188,10/21/2025 12:32,,27.4,Deposit,,TRUE,,FALSE,0
189,10/21/2025 12:35,1,24.6,Pay Order,T2,FALSE,25.6,TRUE,0
190,10/21/2025 12:36,,25.1,Balance Check,,TRUE,,FALSE,0
191,10/21/2025 12:36,1.8,25,Deposit,T2,FALSE,26.8,TRUE,0
192,10/21/2025 12:36,,25.1,Transfer,,TRUE,,FALSE,0
193,10/21/2025 12:36,1,24.4,Deposit,T3,FALSE,25.4,TRUE,0
194,10/21/2025 12:37,,25.3,Deposit,,TRUE,,FALSE,0
195,10/21/2025 12:37,15.6,24.9,Transfer,T3,FALSE,40.5,TRUE,0
196,10/21/2025 12:38,17.7,24.8,Loan Inquiry,T2,FALSE,42.4,TRUE,0
197,10/21/2025 12:38,,25.5,Withdrawal,,TRUE,,FALSE,0
198,10/21/2025 12:38,,25.1,Balance Check,,TRUE,,FALSE,0
199,10/21/2025 12:41,1,23,Balance Check,T1,FALSE,24,TRUE,0
200,10/21/2025 12:41,9.5,23.9,Withdrawal,T1,FALSE,33.4,TRUE,0
1,10/22/2025 11:00,3.7,0,Pay Order,T1,FALSE,3.7,TRUE,0
2,10/22/2025 11:00,5.5,0,Withdrawal,T2,FALSE,5.5,TRUE,0
3,10/22/2025 11:00,1.3,0,Deposit,T3,FALSE,1.3,TRUE,0
4,10/22/2025 11:00,1,1.2,Withdrawal,T3,FALSE,2.2,TRUE,0
5,10/22/2025 11:00,10.6,2,Pay Order,T3,FALSE,12.6,TRUE,0
6,10/22/2025 11:01,7.1,2.5,Deposit,T1,FALSE,9.6,TRUE,0
7,10/22/2025 11:01,1,4.3,Pay Order,T2,FALSE,5.3,TRUE,0
8,10/22/2025 11:01,10.1,5.1,Pay Order,T2,FALSE,15.2,TRUE,0
9,10/22/2025 11:02,1,8.7,Withdrawal,T1,FALSE,9.7,TRUE,0
10,10/22/2025 11:03,1,8.7,Deposit,T1,FALSE,9.7,TRUE,0
11,10/22/2025 11:03,6.9,9,Loan Inquiry,T1,FALSE,16,TRUE,0
12,10/22/2025 11:04,1,8.4,Deposit,T3,FALSE,9.4,TRUE,0
13,10/22/2025 11:04,7,9.3,Withdrawal,T3,FALSE,16.3,TRUE,0
14,10/22/2025 11:04,2,11.9,Deposit,T2,FALSE,13.9,TRUE,0
15,10/22/2025 11:04,3.7,13.9,Balance Check,T2,FALSE,17.6,TRUE,0
16,10/22/2025 11:05,5.9,14.8,Balance Check,T1,FALSE,20.8,TRUE,0
17,10/22/2025 11:05,1,15.4,Withdrawal,T3,FALSE,16.4,TRUE,0
18,10/22/2025 11:05,3.5,16.4,Transfer,T3,FALSE,19.8,TRUE,0
19,10/22/2025 11:05,5,16.8,Withdrawal,T2,FALSE,21.8,TRUE,0
20,10/22/2025 11:05,12.4,19.6,Deposit,T3,FALSE,32,TRUE,0
21,10/22/2025 11:06,3.8,19.5,Withdrawal,T1,FALSE,23.3,TRUE,0
22,10/22/2025 11:07,8.5,20.4,Withdrawal,T2,FALSE,28.9,TRUE,0
23,10/22/2025 11:07,1.8,22.1,Withdrawal,T1,FALSE,23.9,TRUE,0
24,10/22/2025 11:08,22.1,22.8,Pay Order,T1,FALSE,44.9,TRUE,0
25,10/22/2025 11:08,,27.4,Loan Inquiry,,TRUE,,FALSE,0
26,10/22/2025 11:10,,25.5,Deposit,,TRUE,,FALSE,0
27,10/22/2025 11:10,,25.3,Pay Order,,TRUE,,FALSE,0
28,10/22/2025 11:11,1.2,24.7,Loan Inquiry,T2,FALSE,26,TRUE,0
29,10/22/2025 11:11,,25.8,Loan Inquiry,,TRUE,,FALSE,0
30,10/22/2025 11:11,,25.3,Transfer,,TRUE,,FALSE,0
31,10/22/2025 11:12,1.7,24.8,Withdrawal,T2,FALSE,26.5,TRUE,0
32,10/22/2025 11:12,,25.3,Transfer,,TRUE,,FALSE,0
33,10/22/2025 11:13,12.5,24.4,Deposit,T3,FALSE,36.9,TRUE,0
34,10/22/2025 11:14,6.7,24.2,Withdrawal,T2,FALSE,30.8,TRUE,0
35,10/22/2025 11:14,,30.7,Withdrawal,,TRUE,,FALSE,0
36,10/22/2025 11:15,,29.9,Withdrawal,,TRUE,,FALSE,0
37,10/22/2025 11:16,,29.6,Loan Inquiry,,TRUE,,FALSE,0
38,10/22/2025 11:18,,27.5,Deposit,,TRUE,,FALSE,0
39,10/22/2025 11:18,,26.8,Loan Inquiry,,TRUE,,FALSE,0
40,10/22/2025 11:19,,25.9,Balance Check,,TRUE,,FALSE,0
41,10/22/2025 11:20,,25.5,Deposit,,TRUE,,FALSE,0
42,10/22/2025 11:20,,25.1,Pay Order,,TRUE,,FALSE,0
43,10/22/2025 11:21,9,24.5,Deposit,T2,FALSE,33.5,TRUE,0
44,10/22/2025 11:21,,28.7,Deposit,,TRUE,,FALSE,0
45,10/22/2025 11:22,,28.4,Deposit,,TRUE,,FALSE,0
46,10/22/2025 11:22,,28.1,Loan Inquiry,,TRUE,,FALSE,0
47,10/22/2025 11:22,,28,Deposit,,TRUE,,FALSE,0
48,10/22/2025 11:22,,27.8,Pay Order,,TRUE,,FALSE,0
49,10/22/2025 11:22,,27.7,Balance Check,,TRUE,,FALSE,0
50,10/22/2025 11:22,,27.5,Withdrawal,,TRUE,,FALSE,0
51,10/22/2025 11:23,,26.6,Pay Order,,TRUE,,FALSE,0
52,10/22/2025 11:24,,25.8,Withdrawal,,TRUE,,FALSE,0
53,10/22/2025 11:25,,25.4,Balance Check,,TRUE,,FALSE,0
54,10/22/2025 11:25,,25.1,Transfer,,TRUE,,FALSE,0
55,10/22/2025 11:26,17.2,24.3,Loan Inquiry,T3,FALSE,41.5,TRUE,0
56,10/22/2025 11:26,,27.2,Withdrawal,,TRUE,,FALSE,0
57,10/22/2025 11:26,,27,Transfer,,TRUE,,FALSE,0
58,10/22/2025 11:26,,26.7,Balance Check,,TRUE,,FALSE,0
59,10/22/2025 11:26,,26.5,Transfer,,TRUE,,FALSE,0
60,10/22/2025 11:27,,26.3,Balance Check,,TRUE,,FALSE,0
61,10/22/2025 11:27,,25.6,Deposit,,TRUE,,FALSE,0
62,10/22/2025 11:28,16,24.7,Deposit,T1,FALSE,40.7,TRUE,0
63,10/22/2025 11:29,1,25,Deposit,T2,FALSE,26,TRUE,0
64,10/22/2025 11:30,,25.5,Transfer,,TRUE,,FALSE,0
65,10/22/2025 11:30,,25.3,Pay Order,,TRUE,,FALSE,0
66,10/22/2025 11:30,,25.3,Transfer,,TRUE,,FALSE,0
67,10/22/2025 11:30,8.1,24.9,Loan Inquiry,T2,FALSE,33,TRUE,0
68,10/22/2025 11:30,,32.9,Balance Check,,TRUE,,FALSE,0
69,10/22/2025 11:31,,32.5,Withdrawal,,TRUE,,FALSE,0
70,10/22/2025 11:31,,31.9,Deposit,,TRUE,,FALSE,0
71,10/22/2025 11:33,,30.4,Withdrawal,,TRUE,,FALSE,0
72,10/22/2025 11:33,,29.9,Deposit,,TRUE,,FALSE,0
73,10/22/2025 11:35,,28.5,Pay Order,,TRUE,,FALSE,0
74,10/22/2025 11:36,,27.3,Deposit,,TRUE,,FALSE,0
75,10/22/2025 11:36,,27.3,Deposit,,TRUE,,FALSE,0
76,10/22/2025 11:36,,27.1,Deposit,,TRUE,,FALSE,0
77,10/22/2025 11:36,,26.8,Deposit,,TRUE,,FALSE,0
78,10/22/2025 11:37,,26.1,Withdrawal,,TRUE,,FALSE,0
79,10/22/2025 11:38,,25.7,Withdrawal,,TRUE,,FALSE,0
80,10/22/2025 11:38,,25.3,Withdrawal,,TRUE,,FALSE,0
81,10/22/2025 11:38,,25.3,Deposit,,TRUE,,FALSE,0
82,10/22/2025 11:38,,25.3,Deposit,,TRUE,,FALSE,0
83,10/22/2025 11:39,2.5,24.2,Withdrawal,T2,FALSE,26.7,TRUE,0
84,10/22/2025 11:40,,25.9,Deposit,,TRUE,,FALSE,0
85,10/22/2025 11:40,,25.4,Withdrawal,,TRUE,,FALSE,0
86,10/22/2025 11:41,4.3,25,Balance Check,T2,FALSE,29.3,TRUE,0
87,10/22/2025 11:42,,25,Balance Check,,TRUE,,FALSE,0
88,10/22/2025 11:44,9.9,23,Withdrawal,T3,FALSE,32.9,TRUE,0
89,10/22/2025 11:45,12.4,23.8,Transfer,T1,FALSE,36.2,TRUE,0
90,10/22/2025 11:45,12.6,24.7,Withdrawal,T2,FALSE,37.3,TRUE,0
91,10/22/2025 11:47,,29.9,Transfer,,TRUE,,FALSE,0
92,10/22/2025 11:48,,29.3,Deposit,,TRUE,,FALSE,0
93,10/22/2025 11:48,,29.2,Deposit,,TRUE,,FALSE,0
94,10/22/2025 11:48,,29.1,Balance Check,,TRUE,,FALSE,0
95,10/22/2025 11:48,,29.1,Withdrawal,,TRUE,,FALSE,0
96,10/22/2025 11:48,,28.9,Deposit,,TRUE,,FALSE,0
97,10/22/2025 11:48,,28.7,Deposit,,TRUE,,FALSE,0
98,10/22/2025 11:50,,27.1,Transfer,,TRUE,,FALSE,0
99,10/22/2025 11:50,,26.9,Deposit,,TRUE,,FALSE,0
100,10/22/2025 11:51,,26.2,Deposit,,TRUE,,FALSE,0
101,10/22/2025 11:52,2.6,24.7,Balance Check,T3,FALSE,27.3,TRUE,0
102,10/22/2025 11:53,,26.7,Deposit,,TRUE,,FALSE,0
103,10/22/2025 11:54,,25.2,Balance Check,,TRUE,,FALSE,0
104,10/22/2025 11:55,51.3,24.7,Pay Order,T3,FALSE,76,TRUE,0
105,10/22/2025 11:55,,26.4,Pay Order,,TRUE,,FALSE,0
106,10/22/2025 11:55,,26.4,Withdrawal,,TRUE,,FALSE,0
107,10/22/2025 11:55,,26.3,Withdrawal,,TRUE,,FALSE,0
108,10/22/2025 11:55,,26,Deposit,,TRUE,,FALSE,0
109,10/22/2025 11:57,6.6,24.7,Withdrawal,T1,FALSE,31.3,TRUE,0
110,10/22/2025 11:58,,25,Deposit,,TRUE,,FALSE,0
111,10/22/2025 11:59,7.4,23.6,Deposit,T2,FALSE,31,TRUE,0
112,10/22/2025 11:59,,28.7,Transfer,,TRUE,,FALSE,0
113,10/22/2025 12:00,,28.5,Loan Inquiry,,TRUE,,FALSE,0
114,10/22/2025 12:00,,28.2,Balance Check,,TRUE,,FALSE,0
115,10/22/2025 12:02,,25.6,Loan Inquiry,,TRUE,,FALSE,0
116,10/22/2025 12:03,4.6,24.8,Deposit,T1,FALSE,29.5,TRUE,0
117,10/22/2025 12:03,,26.7,Withdrawal,,TRUE,,FALSE,0
118,10/22/2025 12:04,,26.5,Withdrawal,,TRUE,,FALSE,0
119,10/22/2025 12:04,,25.9,Loan Inquiry,,TRUE,,FALSE,0
120,10/22/2025 12:04,,25.7,Deposit,,TRUE,,FALSE,0
121,10/22/2025 12:06,5.8,24.2,Pay Order,T2,FALSE,29.9,TRUE,0
122,10/22/2025 12:06,,26.2,Deposit,,TRUE,,FALSE,0
123,10/22/2025 12:07,,25.8,Withdrawal,,TRUE,,FALSE,0
124,10/22/2025 12:08,,25,Withdrawal,,TRUE,,FALSE,0
125,10/22/2025 12:09,1.2,23.4,Withdrawal,T1,FALSE,24.5,TRUE,0
126,10/22/2025 12:10,10.2,24.2,Withdrawal,T1,FALSE,34.4,TRUE,0
127,10/22/2025 12:10,,26,Deposit,,TRUE,,FALSE,0
128,10/22/2025 12:11,,25.3,Withdrawal,,TRUE,,FALSE,0
129,10/22/2025 12:11,1,25,Deposit,T2,FALSE,26,TRUE,0
130,10/22/2025 12:11,,25.5,Deposit,,TRUE,,FALSE,0
131,10/22/2025 12:12,,25.3,Withdrawal,,TRUE,,FALSE,0
132,10/22/2025 12:12,,25.1,Transfer,,TRUE,,FALSE,0
133,10/22/2025 12:12,1,24.8,Deposit,T2,FALSE,25.8,TRUE,0
134,10/22/2025 12:12,,25.8,Balance Check,,TRUE,,FALSE,0
135,10/22/2025 12:14,1,23.6,Loan Inquiry,T2,FALSE,24.6,TRUE,0
136,10/22/2025 12:14,10,24.4,Deposit,T2,FALSE,34.4,TRUE,0
137,10/22/2025 12:16,,28.5,Withdrawal,,TRUE,,FALSE,0
138,10/22/2025 12:16,,28.5,Deposit,,TRUE,,FALSE,0
139,10/22/2025 12:17,,27.3,Withdrawal,,TRUE,,FALSE,0
140,10/22/2025 12:17,,26.9,Loan Inquiry,,TRUE,,FALSE,0
141,10/22/2025 12:17,,26.6,Deposit,,TRUE,,FALSE,0
142,10/22/2025 12:18,,26.4,Pay Order,,TRUE,,FALSE,0
143,10/22/2025 12:19,,25.1,Loan Inquiry,,TRUE,,FALSE,0
144,10/22/2025 12:19,,25,Balance Check,,TRUE,,FALSE,0
145,10/22/2025 12:19,8.6,24.8,Deposit,T1,FALSE,33.4,TRUE,0
146,10/22/2025 12:20,,29.1,Deposit,,TRUE,,FALSE,0
147,10/22/2025 12:20,,29,Withdrawal,,TRUE,,FALSE,0
148,10/22/2025 12:21,,27.9,Deposit,,TRUE,,FALSE,0
149,10/22/2025 12:21,,27.7,Balance Check,,TRUE,,FALSE,0
150,10/22/2025 12:21,,27.7,Transfer,,TRUE,,FALSE,0
151,10/22/2025 12:21,,27.4,Withdrawal,,TRUE,,FALSE,0
152,10/22/2025 12:21,,27.4,Loan Inquiry,,TRUE,,FALSE,0
153,10/22/2025 12:22,,27.3,Pay Order,,TRUE,,FALSE,0
154,10/22/2025 12:22,,26.8,Transfer,,TRUE,,FALSE,0
155,10/22/2025 12:22,,26.7,Balance Check,,TRUE,,FALSE,0
156,10/22/2025 12:22,,26.6,Withdrawal,,TRUE,,FALSE,0
157,10/22/2025 12:23,,25.7,Deposit,,TRUE,,FALSE,0
158,10/22/2025 12:24,8.1,24.6,Withdrawal,T2,FALSE,32.6,TRUE,0
159,10/22/2025 12:25,,27.9,Deposit,,TRUE,,FALSE,0
160,10/22/2025 12:25,,27.4,Deposit,,TRUE,,FALSE,0
161,10/22/2025 12:26,,26.9,Balance Check,,TRUE,,FALSE,0
162,10/22/2025 12:27,,26.1,Deposit,,TRUE,,FALSE,0
163,10/22/2025 12:27,,25.7,Deposit,,TRUE,,FALSE,0
164,10/22/2025 12:28,23.5,24.9,Deposit,T1,FALSE,48.4,TRUE,0
165,10/22/2025 12:28,,29,Deposit,,TRUE,,FALSE,0
166,10/22/2025 12:28,,28.9,Transfer,,TRUE,,FALSE,0
167,10/22/2025 12:28,,28.7,Withdrawal,,TRUE,,FALSE,0
168,10/22/2025 12:29,,27.8,Deposit,,TRUE,,FALSE,0
169,10/22/2025 12:29,,27.4,Transfer,,TRUE,,FALSE,0
170,10/22/2025 12:30,,27.2,Deposit,,TRUE,,FALSE,0
171,10/22/2025 12:30,,27,Transfer,,TRUE,,FALSE,0
172,10/22/2025 12:30,,26.5,Balance Check,,TRUE,,FALSE,0
173,10/22/2025 12:31,,26,Pay Order,,TRUE,,FALSE,0
174,10/22/2025 12:31,,25.7,Loan Inquiry,,TRUE,,FALSE,0
175,10/22/2025 12:31,,25.5,Withdrawal,,TRUE,,FALSE,0
176,10/22/2025 12:32,2,24.9,Withdrawal,T2,FALSE,26.9,TRUE,0
177,10/22/2025 12:32,,26.7,Pay Order,,TRUE,,FALSE,0
178,10/22/2025 12:33,,26.1,Deposit,,TRUE,,FALSE,0
179,10/22/2025 12:34,,25.1,Balance Check,,TRUE,,FALSE,0
180,10/22/2025 12:36,1,23.3,Deposit,T2,FALSE,24.3,TRUE,0
181,10/22/2025 12:36,1.1,24.2,Balance Check,T2,FALSE,25.4,TRUE,0
182,10/22/2025 12:36,1,24.6,Withdrawal,T2,FALSE,25.6,TRUE,0
183,10/22/2025 12:37,,25.3,Deposit,,TRUE,,FALSE,0
184,10/22/2025 12:37,10.1,24.5,Pay Order,T2,FALSE,34.6,TRUE,0
185,10/22/2025 12:38,,33.1,Deposit,,TRUE,,FALSE,0
186,10/22/2025 12:38,,32.6,Withdrawal,,TRUE,,FALSE,0
187,10/22/2025 12:38,,32.5,Deposit,,TRUE,,FALSE,0
188,10/22/2025 12:39,,32.3,Deposit,,TRUE,,FALSE,0
189,10/22/2025 12:40,,30.9,Deposit,,TRUE,,FALSE,0
190,10/22/2025 12:40,,30.6,Transfer,,TRUE,,FALSE,0
191,10/22/2025 12:41,,29.9,Withdrawal,,TRUE,,FALSE,0
192,10/22/2025 12:41,,29.8,Deposit,,TRUE,,FALSE,0
193,10/22/2025 12:42,,29.1,Deposit,,TRUE,,FALSE,0
194,10/22/2025 12:42,,29.1,Withdrawal,,TRUE,,FALSE,0
195,10/22/2025 12:42,,28.9,Deposit,,TRUE,,FALSE,0
196,10/22/2025 12:42,,28.5,Deposit,,TRUE,,FALSE,0
197,10/22/2025 12:43,,27.9,Balance Check,,TRUE,,FALSE,0
198,10/22/2025 12:43,,27.9,Balance Check,,TRUE,,FALSE,0
199,10/22/2025 12:45,,26.4,Balance Check,,TRUE,,FALSE,0
200,10/22/2025 12:45,,26.4,Deposit,,TRUE,,FALSE,0
1,10/23/2025 11:01,2.2,0,Deposit,T1,FALSE,2.2,TRUE,0
2,10/23/2025 11:02,4.7,0,Withdrawal,T2,FALSE,4.7,TRUE,0
3,10/23/2025 11:02,5.3,0,Loan Inquiry,T3,FALSE,5.3,TRUE,0
4,10/23/2025 11:04,1,0,Withdrawal,T1,FALSE,1,TRUE,0
5,10/23/2025 11:05,4.5,0.9,Withdrawal,T1,FALSE,5.4,TRUE,0
6,10/23/2025 11:05,1.4,1.7,Withdrawal,T2,FALSE,3.1,TRUE,0
7,10/23/2025 11:05,1.1,2.5,Withdrawal,T3,FALSE,3.6,TRUE,0
8,10/23/2025 11:05,1.2,3,Balance Check,T2,FALSE,4.2,TRUE,0
9,10/23/2025 11:06,8.5,2,Pay Order,T3,FALSE,10.5,TRUE,0
10,10/23/2025 11:08,2.5,1,Transfer,T2,FALSE,3.5,TRUE,0
11,10/23/2025 11:08,5.5,1.9,Withdrawal,T1,FALSE,7.4,TRUE,0
12,10/23/2025 11:08,2.4,3.2,Deposit,T2,FALSE,5.6,TRUE,0
13,10/23/2025 11:08,5.5,5.5,Pay Order,T2,FALSE,11,TRUE,0
14,10/23/2025 11:09,8.6,6.8,Withdrawal,T1,FALSE,15.5,TRUE,0
15,10/23/2025 11:09,2,7.7,Balance Check,T3,FALSE,9.7,TRUE,0
16,10/23/2025 11:10,12.5,9.2,Deposit,T3,FALSE,21.7,TRUE,0
17,10/23/2025 11:10,1.9,9.3,Deposit,T2,FALSE,11.2,TRUE,0
18,10/23/2025 11:12,5.1,8.9,Transfer,T2,FALSE,14,TRUE,0
19,10/23/2025 11:13,10.4,11.6,Balance Check,T1,FALSE,21.9,TRUE,0
20,10/23/2025 11:13,3.6,13.5,Pay Order,T2,FALSE,17.1,TRUE,0
21,10/23/2025 11:15,1,15.2,Deposit,T2,FALSE,16.2,TRUE,0
22,10/23/2025 11:15,2.8,16,Deposit,T2,FALSE,18.8,TRUE,0
23,10/23/2025 11:15,15.8,16.4,Withdrawal,T3,FALSE,32.2,TRUE,0
24,10/23/2025 11:15,4.3,18.7,Deposit,T2,FALSE,23,TRUE,0
25,10/23/2025 11:17,1.6,17.6,Deposit,T1,FALSE,19.2,TRUE,0
26,10/23/2025 11:17,36.6,18.7,Loan Inquiry,T1,FALSE,55.4,TRUE,0
27,10/23/2025 11:17,6,20.7,Deposit,T2,FALSE,26.7,TRUE,0
28,10/23/2025 11:17,,26.7,Withdrawal,,TRUE,,FALSE,0
29,10/23/2025 11:18,,26.6,Transfer,,TRUE,,FALSE,0
30,10/23/2025 11:18,,25.6,Loan Inquiry,,TRUE,,FALSE,0
31,10/23/2025 11:19,,25.1,Pay Order,,TRUE,,FALSE,0
32,10/23/2025 11:19,,25,Deposit,,TRUE,,FALSE,0
33,10/23/2025 11:20,5,24.4,Deposit,T2,FALSE,29.4,TRUE,0
34,10/23/2025 11:20,,27.5,Balance Check,,TRUE,,FALSE,0
35,10/23/2025 11:20,,27.1,Deposit,,TRUE,,FALSE,0
36,10/23/2025 11:21,,26.2,Deposit,,TRUE,,FALSE,0
37,10/23/2025 11:21,,26,Loan Inquiry,,TRUE,,FALSE,0
38,10/23/2025 11:21,,25.9,Deposit,,TRUE,,FALSE,0
39,10/23/2025 11:21,,25.8,Deposit,,TRUE,,FALSE,0
40,10/23/2025 11:22,,25.4,Deposit,,TRUE,,FALSE,0
41,10/23/2025 11:22,3.1,25,Balance Check,T3,FALSE,28.1,TRUE,0
42,10/23/2025 11:23,,26.5,Deposit,,TRUE,,FALSE,0
43,10/23/2025 11:23,,26.4,Deposit,,TRUE,,FALSE,0
44,10/23/2025 11:23,,26.3,Balance Check,,TRUE,,FALSE,0
45,10/23/2025 11:23,,25.9,Deposit,,TRUE,,FALSE,0
46,10/23/2025 11:23,,25.9,Withdrawal,,TRUE,,FALSE,0
47,10/23/2025 11:23,,25.7,Withdrawal,,TRUE,,FALSE,0
48,10/23/2025 11:24,,25.1,Withdrawal,,TRUE,,FALSE,0
49,10/23/2025 11:24,,25.1,Loan Inquiry,,TRUE,,FALSE,0
50,10/23/2025 11:26,1,23.4,Transfer,T2,FALSE,24.4,TRUE,0
51,10/23/2025 11:26,1,23.8,Withdrawal,T2,FALSE,24.8,TRUE,0
52,10/23/2025 11:27,1,23.8,Balance Check,T3,FALSE,24.8,TRUE,0
53,10/23/2025 11:27,10.7,24.5,Pay Order,T2,FALSE,35.2,TRUE,0
54,10/23/2025 11:28,1.2,23.4,Balance Check,T3,FALSE,24.5,TRUE,0
55,10/23/2025 11:28,5.2,24.2,Withdrawal,T3,FALSE,29.4,TRUE,0
56,10/23/2025 11:29,,29.1,Pay Order,,TRUE,,FALSE,0
57,10/23/2025 11:29,,28.7,Deposit,,TRUE,,FALSE,0
58,10/23/2025 11:29,,28.5,Withdrawal,,TRUE,,FALSE,0
59,10/23/2025 11:29,,28.5,Withdrawal,,TRUE,,FALSE,0
60,10/23/2025 11:30,,27.6,Withdrawal,,TRUE,,FALSE,0
61,10/23/2025 11:31,,27.3,Deposit,,TRUE,,FALSE,0
62,10/23/2025 11:31,,26.6,Deposit,,TRUE,,FALSE,0
63,10/23/2025 11:31,,26.4,Withdrawal,,TRUE,,FALSE,0
64,10/23/2025 11:34,5.2,23.5,Transfer,T3,FALSE,28.7,TRUE,0
65,10/23/2025 11:35,,27,Withdrawal,,TRUE,,FALSE,0
66,10/23/2025 11:36,,26,Withdrawal,,TRUE,,FALSE,0
67,10/23/2025 11:36,,25.9,Balance Check,,TRUE,,FALSE,0
68,10/23/2025 11:36,,25.6,Deposit,,TRUE,,FALSE,0
69,10/23/2025 11:36,,25.5,Deposit,,TRUE,,FALSE,0
70,10/23/2025 11:37,3.9,24.8,Deposit,T2,FALSE,28.7,TRUE,0
71,10/23/2025 11:38,,25.2,Loan Inquiry,,TRUE,,FALSE,0
72,10/23/2025 11:38,6.1,24.8,Withdrawal,T3,FALSE,30.9,TRUE,0
73,10/23/2025 11:38,,27.6,Withdrawal,,TRUE,,FALSE,0
74,10/23/2025 11:38,,27.3,Withdrawal,,TRUE,,FALSE,0
75,10/23/2025 11:39,,26.5,Withdrawal,,TRUE,,FALSE,0
76,10/23/2025 11:39,,26.3,Balance Check,,TRUE,,FALSE,0
77,10/23/2025 11:42,9.2,24.1,Deposit,T2,FALSE,33.4,TRUE,0
78,10/23/2025 11:42,,27,Balance Check,,TRUE,,FALSE,0
79,10/23/2025 11:42,,26.8,Balance Check,,TRUE,,FALSE,0
80,10/23/2025 11:42,,26.7,Withdrawal,,TRUE,,FALSE,0
81,10/23/2025 11:43,,26,Deposit,,TRUE,,FALSE,0
82,10/23/2025 11:44,,25.1,Deposit,,TRUE,,FALSE,0
83,10/23/2025 11:44,6.9,24.8,Withdrawal,T3,FALSE,31.7,TRUE,0
84,10/23/2025 11:45,,28.2,Deposit,,TRUE,,FALSE,0
85,10/23/2025 11:45,,28,Withdrawal,,TRUE,,FALSE,0
86,10/23/2025 11:45,,27.5,Withdrawal,,TRUE,,FALSE,0
87,10/23/2025 11:45,,27.3,Deposit,,TRUE,,FALSE,0
88,10/23/2025 11:46,,26.8,Balance Check,,TRUE,,FALSE,0
89,10/23/2025 11:46,,26.4,Balance Check,,TRUE,,FALSE,0
90,10/23/2025 11:46,,26.3,Deposit,,TRUE,,FALSE,0
91,10/23/2025 11:47,,26.1,Withdrawal,,TRUE,,FALSE,0
92,10/23/2025 11:47,,26,Balance Check,,TRUE,,FALSE,0
93,10/23/2025 11:49,1.1,23.6,Deposit,T1,FALSE,24.6,TRUE,0
94,10/23/2025 11:49,2,24.5,Withdrawal,T1,FALSE,26.5,TRUE,0
95,10/23/2025 11:50,,25,Withdrawal,,TRUE,,FALSE,0
96,10/23/2025 11:50,8.9,24.5,Deposit,T2,FALSE,33.4,TRUE,0
97,10/23/2025 11:51,,25.1,Deposit,,TRUE,,FALSE,0
98,10/23/2025 11:51,,25.1,Deposit,,TRUE,,FALSE,0
99,10/23/2025 11:51,,25.1,Withdrawal,,TRUE,,FALSE,0
100,10/23/2025 11:52,1,23.5,Deposit,T1,FALSE,24.5,TRUE,0
101,10/23/2025 11:53,6,23.4,Pay Order,T3,FALSE,29.3,TRUE,0
102,10/23/2025 11:53,5.5,23.9,Withdrawal,T1,FALSE,29.4,TRUE,0
103,10/23/2025 11:53,,28.7,Deposit,,TRUE,,FALSE,0
104,10/23/2025 11:54,,28.4,Pay Order,,TRUE,,FALSE,0
105,10/23/2025 11:54,,27.9,Withdrawal,,TRUE,,FALSE,0
106,10/23/2025 11:55,,26.5,Deposit,,TRUE,,FALSE,0
107,10/23/2025 11:56,,25.8,Loan Inquiry,,TRUE,,FALSE,0
108,10/23/2025 11:58,1.3,23.8,Balance Check,T3,FALSE,25.1,TRUE,0
109,10/23/2025 11:59,1,23.5,Balance Check,T1,FALSE,24.5,TRUE,0
110,10/23/2025 11:59,6.2,24.1,Withdrawal,T3,FALSE,30.3,TRUE,0
111,10/23/2025 12:00,4.2,23.8,Deposit,T1,FALSE,28,TRUE,0
112,10/23/2025 12:00,8.4,24,Withdrawal,T2,FALSE,32.4,TRUE,0
113,10/23/2025 12:00,,27.6,Deposit,,TRUE,,FALSE,0
114,10/23/2025 12:00,,27.2,Deposit,,TRUE,,FALSE,0
115,10/23/2025 12:01,,26.7,Transfer,,TRUE,,FALSE,0
116,10/23/2025 12:01,,26.3,Deposit,,TRUE,,FALSE,0
117,10/23/2025 12:01,,26.1,Deposit,,TRUE,,FALSE,0
118,10/23/2025 12:02,,25.9,Deposit,,TRUE,,FALSE,0
119,10/23/2025 12:02,,25.4,Transfer,,TRUE,,FALSE,0
120,10/23/2025 12:03,2.5,24.7,Deposit,T1,FALSE,27.1,TRUE,0
121,10/23/2025 12:04,3.9,24.9,Transfer,T3,FALSE,28.8,TRUE,0
122,10/23/2025 12:04,,25.5,Pay Order,,TRUE,,FALSE,0
123,10/23/2025 12:05,,25.3,Deposit,,TRUE,,FALSE,0
124,10/23/2025 12:05,9.6,24.9,Loan Inquiry,T1,FALSE,34.5,TRUE,0
125,10/23/2025 12:05,,27,Balance Check,,TRUE,,FALSE,0
126,10/23/2025 12:05,,26.9,Deposit,,TRUE,,FALSE,0
127,10/23/2025 12:06,,26.3,Deposit,,TRUE,,FALSE,0
128,10/23/2025 12:07,,25.6,Withdrawal,,TRUE,,FALSE,0
129,10/23/2025 12:11,1,21.5,Balance Check,T2,FALSE,22.5,TRUE,0
130,10/23/2025 12:11,1.6,21.8,Balance Check,T2,FALSE,23.3,TRUE,0
131,10/23/2025 12:12,5.1,21.4,Loan Inquiry,T3,FALSE,26.5,TRUE,0
132,10/23/2025 12:12,6,22.4,Transfer,T2,FALSE,28.4,TRUE,0
133,10/23/2025 12:13,,25.8,Deposit,,TRUE,,FALSE,0
134,10/23/2025 12:13,,25.7,Deposit,,TRUE,,FALSE,0
135,10/23/2025 12:13,,25.1,Deposit,,TRUE,,FALSE,0
136,10/23/2025 12:14,2.3,24.5,Withdrawal,T3,FALSE,26.8,TRUE,0
137,10/23/2025 12:14,,25.5,Loan Inquiry,,TRUE,,FALSE,0
138,10/23/2025 12:16,3.2,23.9,Withdrawal,T1,FALSE,27.1,TRUE,0
139,10/23/2025 12:16,3.3,24.8,Balance Check,T3,FALSE,28.2,TRUE,0
140,10/23/2025 12:16,1.8,24.4,Transfer,T2,FALSE,26.2,TRUE,0
141,10/23/2025 12:19,8.6,23.8,Withdrawal,T2,FALSE,32.4,TRUE,0
142,10/23/2025 12:19,5.2,23.7,Deposit,T1,FALSE,28.9,TRUE,0
143,10/23/2025 12:20,1.5,23.5,Transfer,T3,FALSE,25.1,TRUE,0
144,10/23/2025 12:21,1.9,24.9,Transfer,T3,FALSE,26.8,TRUE,0
145,10/23/2025 12:22,,25.7,Deposit,,TRUE,,FALSE,0
146,10/23/2025 12:22,,25.5,Balance Check,,TRUE,,FALSE,0
147,10/23/2025 12:22,,25.1,Withdrawal,,TRUE,,FALSE,0
148,10/23/2025 12:23,4.4,24.6,Withdrawal,T3,FALSE,29,TRUE,0
149,10/23/2025 12:23,,25,Pay Order,,TRUE,,FALSE,0
150,10/23/2025 12:23,6.4,24.5,Pay Order,T1,FALSE,30.9,TRUE,0
151,10/23/2025 12:24,,27.4,Withdrawal,,TRUE,,FALSE,0
152,10/23/2025 12:24,,27.3,Loan Inquiry,,TRUE,,FALSE,0
153,10/23/2025 12:24,,27.1,Deposit,,TRUE,,FALSE,0
154,10/23/2025 12:25,,26.3,Deposit,,TRUE,,FALSE,0
155,10/23/2025 12:25,,26.1,Deposit,,TRUE,,FALSE,0
156,10/23/2025 12:25,,26,Deposit,,TRUE,,FALSE,0
157,10/23/2025 12:26,,25.4,Balance Check,,TRUE,,FALSE,0
158,10/23/2025 12:27,1.1,24.4,Withdrawal,T2,FALSE,25.5,TRUE,0
159,10/23/2025 12:27,4.1,24.6,Deposit,T3,FALSE,28.7,TRUE,0
160,10/23/2025 12:28,2,24.4,Deposit,T2,FALSE,26.4,TRUE,0
161,10/23/2025 12:28,,26.2,Deposit,,TRUE,,FALSE,0
162,10/23/2025 12:28,,25.9,Withdrawal,,TRUE,,FALSE,0
163,10/23/2025 12:30,3.2,24.8,Withdrawal,T2,FALSE,28,TRUE,0
164,10/23/2025 12:30,16.3,24.7,Pay Order,T1,FALSE,41,TRUE,0
165,10/23/2025 12:31,,25,Balance Check,,TRUE,,FALSE,0
166,10/23/2025 12:31,9.5,24.7,Deposit,T3,FALSE,34.2,TRUE,0
167,10/23/2025 12:31,,26.2,Withdrawal,,TRUE,,FALSE,0
168,10/23/2025 12:31,,26.1,Deposit,,TRUE,,FALSE,0
169,10/23/2025 12:32,,25.6,Withdrawal,,TRUE,,FALSE,0
170,10/23/2025 12:33,2.4,24.4,Withdrawal,T2,FALSE,26.8,TRUE,0
171,10/23/2025 12:35,1,24.9,Balance Check,T2,FALSE,25.9,TRUE,0
172,10/23/2025 12:35,,25.8,Withdrawal,,TRUE,,FALSE,0
173,10/23/2025 12:36,,25.4,Deposit,,TRUE,,FALSE,0
174,10/23/2025 12:36,11.1,24.8,Pay Order,T2,FALSE,36,TRUE,0
175,10/23/2025 12:37,,28,Withdrawal,,TRUE,,FALSE,0
176,10/23/2025 12:38,,27.5,Loan Inquiry,,TRUE,,FALSE,0
177,10/23/2025 12:38,,27.3,Deposit,,TRUE,,FALSE,0
178,10/23/2025 12:39,,26.2,Deposit,,TRUE,,FALSE,0
179,10/23/2025 12:39,,26.1,Deposit,,TRUE,,FALSE,0
180,10/23/2025 12:40,,25.8,Deposit,,TRUE,,FALSE,0
181,10/23/2025 12:40,,25.6,Pay Order,,TRUE,,FALSE,0
182,10/23/2025 12:41,3.1,24.3,Deposit,T3,FALSE,27.4,TRUE,0
183,10/23/2025 12:42,,26.8,Loan Inquiry,,TRUE,,FALSE,0
184,10/23/2025 12:42,,26.6,Pay Order,,TRUE,,FALSE,0
185,10/23/2025 12:42,,26.4,Pay Order,,TRUE,,FALSE,0
186,10/23/2025 12:42,,26.3,Deposit,,TRUE,,FALSE,0
187,10/23/2025 12:43,,25.7,Loan Inquiry,,TRUE,,FALSE,0
188,10/23/2025 12:43,,25.5,Deposit,,TRUE,,FALSE,0
189,10/23/2025 12:45,1.9,23.5,Deposit,T3,FALSE,25.4,TRUE,0
190,10/23/2025 12:45,,25.3,Deposit,,TRUE,,FALSE,0
191,10/23/2025 12:46,17.8,24.7,Pay Order,T3,FALSE,42.5,TRUE,0
192,10/23/2025 12:46,5.7,24.5,Withdrawal,T1,FALSE,30.2,TRUE,0
193,10/23/2025 12:46,,25.8,Withdrawal,,TRUE,,FALSE,0
194,10/23/2025 12:47,,25.2,Withdrawal,,TRUE,,FALSE,0
195,10/23/2025 12:48,5.7,24.3,Deposit,T2,FALSE,30,TRUE,0
196,10/23/2025 12:48,,28.5,Withdrawal,,TRUE,,FALSE,0
197,10/23/2025 12:48,,28.5,Balance Check,,TRUE,,FALSE,0
198,10/23/2025 12:48,,28.3,Loan Inquiry,,TRUE,,FALSE,0
199,10/23/2025 12:49,,27.4,Deposit,,TRUE,,FALSE,0
200,10/23/2025 12:49,,27,Pay Order,,TRUE,,FALSE,0
1,10/24/2025 11:00,17.5,0,Loan Inquiry,T1,FALSE,17.5,TRUE,0
2,10/24/2025 11:01,32.4,0,Loan Inquiry,T2,FALSE,32.4,TRUE,0
3,10/24/2025 11:01,1,0,Balance Check,T3,FALSE,1,TRUE,0
4,10/24/2025 11:01,12.1,0.9,Deposit,T3,FALSE,13,TRUE,0
5,10/24/2025 11:01,22.4,12.7,Loan Inquiry,T3,FALSE,35.1,TRUE,0
6,10/24/2025 11:01,16.9,16.4,Pay Order,T1,FALSE,33.3,TRUE,0
7,10/24/2025 11:02,,31,Deposit,,TRUE,,FALSE,0
8,10/24/2025 11:02,,30.9,Pay Order,,TRUE,,FALSE,0
9,10/24/2025 11:04,,28.8,Deposit,,TRUE,,FALSE,0
10,10/24/2025 11:04,,28.4,Withdrawal,,TRUE,,FALSE,0
11,10/24/2025 11:05,,28.3,Deposit,,TRUE,,FALSE,0
12,10/24/2025 11:05,,27.7,Deposit,,TRUE,,FALSE,0
13,10/24/2025 11:07,,26.1,Pay Order,,TRUE,,FALSE,0
14,10/24/2025 11:08,1.2,24.6,Deposit,T2,FALSE,25.9,TRUE,0
15,10/24/2025 11:08,,25.8,Pay Order,,TRUE,,FALSE,0
16,10/24/2025 11:09,1.3,24.7,Withdrawal,T2,FALSE,26,TRUE,0
17,10/24/2025 11:10,1,24.5,Deposit,T1,FALSE,25.5,TRUE,0
18,10/24/2025 11:10,,25.2,Withdrawal,,TRUE,,FALSE,0
19,10/24/2025 11:11,1.7,25,Balance Check,T2,FALSE,26.6,TRUE,0
20,10/24/2025 11:11,,25,Pay Order,,TRUE,,FALSE,0
21,10/24/2025 11:11,1,24.8,Deposit,T1,FALSE,25.8,TRUE,0
22,10/24/2025 11:11,7.1,24.9,Pay Order,T3,FALSE,32,TRUE,0
23,10/24/2025 11:12,18.8,24.9,Pay Order,T1,FALSE,43.8,TRUE,0
24,10/24/2025 11:12,2.6,24.7,Deposit,T2,FALSE,27.2,TRUE,0
25,10/24/2025 11:13,,26.8,Withdrawal,,TRUE,,FALSE,0
26,10/24/2025 11:13,,26.7,Balance Check,,TRUE,,FALSE,0
27,10/24/2025 11:14,,26.2,Withdrawal,,TRUE,,FALSE,0
28,10/24/2025 11:14,,25.4,Pay Order,,TRUE,,FALSE,0
29,10/24/2025 11:15,,25.2,Balance Check,,TRUE,,FALSE,0
30,10/24/2025 11:15,,25.1,Transfer,,TRUE,,FALSE,0
31,10/24/2025 11:15,13.5,24.3,Loan Inquiry,T2,FALSE,37.7,TRUE,0
32,10/24/2025 11:16,,27.2,Withdrawal,,TRUE,,FALSE,0
33,10/24/2025 11:16,,27.1,Withdrawal,,TRUE,,FALSE,0
34,10/24/2025 11:19,18.8,24.3,Deposit,T3,FALSE,43.1,TRUE,0
35,10/24/2025 11:20,,33.4,Deposit,,TRUE,,FALSE,0
36,10/24/2025 11:20,,32.9,Loan Inquiry,,TRUE,,FALSE,0
37,10/24/2025 11:20,,32.9,Deposit,,TRUE,,FALSE,0
38,10/24/2025 11:21,,32.4,Deposit,,TRUE,,FALSE,0
39,10/24/2025 11:21,,32.2,Deposit,,TRUE,,FALSE,0
40,10/24/2025 11:21,,31.9,Transfer,,TRUE,,FALSE,0
41,10/24/2025 11:22,,31.2,Balance Check,,TRUE,,FALSE,0
42,10/24/2025 11:22,,30.9,Loan Inquiry,,TRUE,,FALSE,0
43,10/24/2025 11:23,,30.6,Deposit,,TRUE,,FALSE,0
44,10/24/2025 11:23,,29.9,Deposit,,TRUE,,FALSE,0
45,10/24/2025 11:24,,29,Balance Check,,TRUE,,FALSE,0
46,10/24/2025 11:24,,28.9,Transfer,,TRUE,,FALSE,0
47,10/24/2025 11:24,,28.9,Withdrawal,,TRUE,,FALSE,0
48,10/24/2025 11:25,,28.6,Deposit,,TRUE,,FALSE,0
49,10/24/2025 11:25,,28.1,Deposit,,TRUE,,FALSE,0
50,10/24/2025 11:26,,27.5,Deposit,,TRUE,,FALSE,0
51,10/24/2025 11:26,,27.5,Transfer,,TRUE,,FALSE,0
52,10/24/2025 11:26,,27.4,Deposit,,TRUE,,FALSE,0
53,10/24/2025 11:26,,27.3,Balance Check,,TRUE,,FALSE,0
54,10/24/2025 11:26,,27,Withdrawal,,TRUE,,FALSE,0
55,10/24/2025 11:26,,26.7,Balance Check,,TRUE,,FALSE,0
56,10/24/2025 11:26,,26.7,Deposit,,TRUE,,FALSE,0
57,10/24/2025 11:27,,26.5,Balance Check,,TRUE,,FALSE,0
58,10/24/2025 11:27,,26.3,Withdrawal,,TRUE,,FALSE,0
59,10/24/2025 11:27,,26,Transfer,,TRUE,,FALSE,0
60,10/24/2025 11:28,,25.3,Balance Check,,TRUE,,FALSE,0
61,10/24/2025 11:28,2.6,24.9,Deposit,T2,FALSE,27.5,TRUE,0
62,10/24/2025 11:29,,27,Deposit,,TRUE,,FALSE,0
63,10/24/2025 11:29,,26.7,Balance Check,,TRUE,,FALSE,0
64,10/24/2025 11:29,,26.3,Withdrawal,,TRUE,,FALSE,0
65,10/24/2025 11:29,,26.2,Withdrawal,,TRUE,,FALSE,0
66,10/24/2025 11:31,1.3,24.7,Deposit,T1,FALSE,26,TRUE,0
67,10/24/2025 11:31,1,24.7,Withdrawal,T2,FALSE,25.7,TRUE,0
68,10/24/2025 11:32,1,24.9,Transfer,T2,FALSE,25.9,TRUE,0
69,10/24/2025 11:33,1,23.7,Withdrawal,T1,FALSE,24.7,TRUE,0
70,10/24/2025 11:34,1,23.5,Balance Check,T2,FALSE,24.5,TRUE,0
71,10/24/2025 11:35,3.2,22.6,Deposit,T1,FALSE,25.8,TRUE,0
72,10/24/2025 11:37,3.1,21.6,Deposit,T2,FALSE,24.7,TRUE,0
73,10/24/2025 11:38,24.7,23.5,Loan Inquiry,T1,FALSE,48.2,TRUE,0
74,10/24/2025 11:38,1.7,23.7,Withdrawal,T2,FALSE,25.4,TRUE,0
75,10/24/2025 11:38,1,24,Deposit,T3,FALSE,25,TRUE,0
76,10/24/2025 11:39,3.6,24.4,Withdrawal,T3,FALSE,28,TRUE,0
77,10/24/2025 11:39,5.1,24.5,Deposit,T2,FALSE,29.7,TRUE,0
78,10/24/2025 11:39,,27.3,Transfer,,TRUE,,FALSE,0
79,10/24/2025 11:40,,26.9,Withdrawal,,TRUE,,FALSE,0
80,10/24/2025 11:41,,25.6,Deposit,,TRUE,,FALSE,0
81,10/24/2025 11:41,,25.5,Deposit,,TRUE,,FALSE,0
82,10/24/2025 11:42,1,24.6,Withdrawal,T3,FALSE,25.6,TRUE,0
83,10/24/2025 11:43,,25.2,Loan Inquiry,,TRUE,,FALSE,0
84,10/24/2025 11:43,,25,Withdrawal,,TRUE,,FALSE,0
85,10/24/2025 11:43,3.5,24.8,Withdrawal,T3,FALSE,28.2,TRUE,0
86,10/24/2025 11:43,,25.4,Withdrawal,,TRUE,,FALSE,0
87,10/24/2025 11:43,,25.4,Deposit,,TRUE,,FALSE,0
88,10/24/2025 11:44,,25.1,Transfer,,TRUE,,FALSE,0
89,10/24/2025 11:44,4.9,24.9,Balance Check,T2,FALSE,29.8,TRUE,0
90,10/24/2025 11:45,,26.3,Loan Inquiry,,TRUE,,FALSE,0
91,10/24/2025 11:45,,26,Deposit,,TRUE,,FALSE,0
92,10/24/2025 11:45,,26,Withdrawal,,TRUE,,FALSE,0
93,10/24/2025 11:45,,25.8,Balance Check,,TRUE,,FALSE,0
94,10/24/2025 11:46,,25.2,Loan Inquiry,,TRUE,,FALSE,0
95,10/24/2025 11:47,9.2,23.9,Transfer,T3,FALSE,33.1,TRUE,0
96,10/24/2025 11:47,,26.1,Withdrawal,,TRUE,,FALSE,0
97,10/24/2025 11:48,,25.7,Transfer,,TRUE,,FALSE,0
98,10/24/2025 11:48,,25.1,Deposit,,TRUE,,FALSE,0
99,10/24/2025 11:49,1,24.9,Deposit,T2,FALSE,25.9,TRUE,0
100,10/24/2025 11:49,,25.6,Deposit,,TRUE,,FALSE,0
101,10/24/2025 11:49,,25.2,Balance Check,,TRUE,,FALSE,0
102,10/24/2025 11:50,,25.1,Withdrawal,,TRUE,,FALSE,0
103,10/24/2025 11:50,2.8,24.8,Withdrawal,T2,FALSE,27.6,TRUE,0
104,10/24/2025 11:51,,26.4,Deposit,,TRUE,,FALSE,0
105,10/24/2025 11:52,,25.2,Loan Inquiry,,TRUE,,FALSE,0
106,10/24/2025 11:53,6.1,24.3,Withdrawal,T2,FALSE,30.4,TRUE,0
107,10/24/2025 11:53,,27.1,Deposit,,TRUE,,FALSE,0
108,10/24/2025 11:54,,26.9,Deposit,,TRUE,,FALSE,0
109,10/24/2025 11:54,,26.6,Withdrawal,,TRUE,,FALSE,0
110,10/24/2025 11:55,,25.8,Deposit,,TRUE,,FALSE,0
111,10/24/2025 11:55,,25.7,Deposit,,TRUE,,FALSE,0
112,10/24/2025 11:55,,25.3,Deposit,,TRUE,,FALSE,0
113,10/24/2025 11:55,,25.1,Deposit,,TRUE,,FALSE,0
114,10/24/2025 11:56,8.6,24.7,Withdrawal,T3,FALSE,33.3,TRUE,0
115,10/24/2025 11:56,,27.1,Balance Check,,TRUE,,FALSE,0
116,10/24/2025 11:59,5.9,24.9,Withdrawal,T2,FALSE,30.8,TRUE,0
117,10/24/2025 12:01,,25.2,Deposit,,TRUE,,FALSE,0
118,10/24/2025 12:01,5.8,24.4,Deposit,T1,FALSE,30.1,TRUE,0
119,10/24/2025 12:02,,27.1,Pay Order,,TRUE,,FALSE,0
120,10/24/2025 12:02,,26.8,Balance Check,,TRUE,,FALSE,0
121,10/24/2025 12:02,,26.7,Deposit,,TRUE,,FALSE,0
122,10/24/2025 12:03,,26.3,Transfer,,TRUE,,FALSE,0
123,10/24/2025 12:03,,25.9,Deposit,,TRUE,,FALSE,0
124,10/24/2025 12:03,,25.8,Withdrawal,,TRUE,,FALSE,0
125,10/24/2025 12:05,6.4,23.6,Deposit,T3,FALSE,30,TRUE,0
126,10/24/2025 12:06,1,23.8,Balance Check,T2,FALSE,24.8,TRUE,0
127,10/24/2025 12:07,32.8,23.6,Loan Inquiry,T2,FALSE,56.4,TRUE,0
128,10/24/2025 12:08,1.9,23.8,Deposit,T1,FALSE,25.7,TRUE,0
129,10/24/2025 12:08,,25,Loan Inquiry,,TRUE,,FALSE,0
130,10/24/2025 12:09,1,24.2,Pay Order,T1,FALSE,25.2,TRUE,0
131,10/24/2025 12:10,2.7,24.7,Withdrawal,T1,FALSE,27.4,TRUE,0
132,10/24/2025 12:11,7,24,Withdrawal,T3,FALSE,31,TRUE,0
133,10/24/2025 12:12,,25.1,Deposit,,TRUE,,FALSE,0
134,10/24/2025 12:12,,25,Loan Inquiry,,TRUE,,FALSE,0
135,10/24/2025 12:14,1,23.3,Deposit,T1,FALSE,24.3,TRUE,0
136,10/24/2025 12:14,42.4,24.1,Pay Order,T1,FALSE,66.5,TRUE,0
137,10/24/2025 12:14,,28.2,Balance Check,,TRUE,,FALSE,0
138,10/24/2025 12:15,,28,Pay Order,,TRUE,,FALSE,0
139,10/24/2025 12:15,,27.7,Transfer,,TRUE,,FALSE,0
140,10/24/2025 12:15,,27.5,Withdrawal,,TRUE,,FALSE,0
141,10/24/2025 12:16,,26.8,Pay Order,,TRUE,,FALSE,0
142,10/24/2025 12:16,,26.2,Deposit,,TRUE,,FALSE,0
143,10/24/2025 12:17,,26,Withdrawal,,TRUE,,FALSE,0
144,10/24/2025 12:17,,25.8,Withdrawal,,TRUE,,FALSE,0
145,10/24/2025 12:17,,25.5,Loan Inquiry,,TRUE,,FALSE,0
146,10/24/2025 12:17,,25.4,Balance Check,,TRUE,,FALSE,0
147,10/24/2025 12:17,,25,Balance Check,,TRUE,,FALSE,0
148,10/24/2025 12:18,2.1,24.8,Transfer,T3,FALSE,26.8,TRUE,0
149,10/24/2025 12:19,,25.7,Balance Check,,TRUE,,FALSE,0
150,10/24/2025 12:19,,25.7,Pay Order,,TRUE,,FALSE,0
151,10/24/2025 12:20,1,24.3,Balance Check,T3,FALSE,25.3,TRUE,0
152,10/24/2025 12:20,,25.3,Deposit,,TRUE,,FALSE,0
153,10/24/2025 12:20,,25.3,Deposit,,TRUE,,FALSE,0
154,10/24/2025 12:21,4.3,24.5,Pay Order,T3,FALSE,28.7,TRUE,0
155,10/24/2025 12:22,,28.2,Deposit,,TRUE,,FALSE,0
156,10/24/2025 12:22,,28.1,Pay Order,,TRUE,,FALSE,0
157,10/24/2025 12:22,,27.6,Withdrawal,,TRUE,,FALSE,0
158,10/24/2025 12:23,,27.3,Deposit,,TRUE,,FALSE,0
159,10/24/2025 12:23,,27.3,Pay Order,,TRUE,,FALSE,0
160,10/24/2025 12:23,,26.9,Withdrawal,,TRUE,,FALSE,0
161,10/24/2025 12:23,,26.5,Withdrawal,,TRUE,,FALSE,0
162,10/24/2025 12:24,,25.9,Withdrawal,,TRUE,,FALSE,0
163,10/24/2025 12:24,,25.9,Deposit,,TRUE,,FALSE,0
164,10/24/2025 12:27,6.7,23.3,Withdrawal,T3,FALSE,30,TRUE,0
165,10/24/2025 12:27,,29.9,Deposit,,TRUE,,FALSE,0
166,10/24/2025 12:27,,29.8,Deposit,,TRUE,,FALSE,0
167,10/24/2025 12:27,,29.8,Withdrawal,,TRUE,,FALSE,0
168,10/24/2025 12:28,,29,Withdrawal,,TRUE,,FALSE,0
169,10/24/2025 12:28,,28.7,Deposit,,TRUE,,FALSE,0
170,10/24/2025 12:28,,28.4,Withdrawal,,TRUE,,FALSE,0
171,10/24/2025 12:29,,28,Withdrawal,,TRUE,,FALSE,0
172,10/24/2025 12:29,,27.9,Deposit,,TRUE,,FALSE,0
173,10/24/2025 12:29,,27.8,Balance Check,,TRUE,,FALSE,0
174,10/24/2025 12:29,,27.6,Deposit,,TRUE,,FALSE,0
175,10/24/2025 12:30,,26.7,Transfer,,TRUE,,FALSE,0
176,10/24/2025 12:30,,26.3,Loan Inquiry,,TRUE,,FALSE,0
177,10/24/2025 12:31,,25.7,Transfer,,TRUE,,FALSE,0
178,10/24/2025 12:31,,25.5,Pay Order,,TRUE,,FALSE,0
179,10/24/2025 12:31,,25.4,Pay Order,,TRUE,,FALSE,0
180,10/24/2025 12:31,,25.1,Deposit,,TRUE,,FALSE,0
181,10/24/2025 12:33,6.9,23.9,Withdrawal,T3,FALSE,30.8,TRUE,0
182,10/24/2025 12:33,,30.2,Balance Check,,TRUE,,FALSE,0
183,10/24/2025 12:33,,29.7,Withdrawal,,TRUE,,FALSE,0
184,10/24/2025 12:34,,29.6,Deposit,,TRUE,,FALSE,0
185,10/24/2025 12:34,,29.4,Deposit,,TRUE,,FALSE,0
186,10/24/2025 12:35,,27.7,Withdrawal,,TRUE,,FALSE,0
187,10/24/2025 12:36,,27.3,Transfer,,TRUE,,FALSE,0
188,10/24/2025 12:37,,26,Withdrawal,,TRUE,,FALSE,0
189,10/24/2025 12:38,,25.2,Deposit,,TRUE,,FALSE,0
190,10/24/2025 12:38,2.5,25,Balance Check,T2,FALSE,27.5,TRUE,0
191,10/24/2025 12:38,,25.1,Withdrawal,,TRUE,,FALSE,0
192,10/24/2025 12:38,,25.1,Deposit,,TRUE,,FALSE,0
193,10/24/2025 12:38,,25.1,Deposit,,TRUE,,FALSE,0
194,10/24/2025 12:38,5.1,25,Deposit,T3,FALSE,30.1,TRUE,0
195,10/24/2025 12:39,,26.3,Deposit,,TRUE,,FALSE,0
196,10/24/2025 12:39,,26.3,Deposit,,TRUE,,FALSE,0
197,10/24/2025 12:41,1.6,24.8,Deposit,T2,FALSE,26.4,TRUE,0
198,10/24/2025 12:43,1.4,23.9,Withdrawal,T2,FALSE,25.4,TRUE,0
199,10/24/2025 12:44,10.8,24.4,Deposit,T3,FALSE,35.2,TRUE,0
200,10/24/2025 12:45,1.5,23.7,Deposit,T2,FALSE,25.2,TRUE,0
1,10/25/2025 11:00,2.5,0,Withdrawal,T1,FALSE,2.5,TRUE,0
2,10/25/2025 11:01,1,0,Loan Inquiry,T2,FALSE,1,TRUE,0
3,10/25/2025 11:03,1.1,0,Withdrawal,T3,FALSE,1.1,TRUE,0
4,10/25/2025 11:03,1.9,0,Withdrawal,T2,FALSE,1.9,TRUE,0
5,10/25/2025 11:03,41.7,0,Deposit,T1,FALSE,41.7,TRUE,0
6,10/25/2025 11:04,1,0,Deposit,T3,FALSE,1,TRUE,0
7,10/25/2025 11:04,5.5,0.6,Deposit,T3,FALSE,6.2,TRUE,0
8,10/25/2025 11:04,1.5,0.7,Transfer,T2,FALSE,2.1,TRUE,0
9,10/25/2025 11:04,4.4,2.1,Withdrawal,T2,FALSE,6.5,TRUE,0
10,10/25/2025 11:06,1,4.7,Balance Check,T3,FALSE,5.7,TRUE,0
11,10/25/2025 11:06,20.1,4.6,Loan Inquiry,T2,FALSE,24.7,TRUE,0
12,10/25/2025 11:07,4.7,4.4,Pay Order,T3,FALSE,9.1,TRUE,0
13,10/25/2025 11:07,3,9.1,Transfer,T3,FALSE,12.1,TRUE,0
14,10/25/2025 11:07,7.8,11.7,Withdrawal,T3,FALSE,19.5,TRUE,0
15,10/25/2025 11:08,25.6,18.6,Pay Order,T3,FALSE,44.2,TRUE,0
16,10/25/2025 11:09,1,21.4,Balance Check,T2,FALSE,22.4,TRUE,0
17,10/25/2025 11:09,11.9,22.4,Deposit,T2,FALSE,34.3,TRUE,0
18,10/25/2025 11:10,,33.8,Balance Check,,TRUE,,FALSE,0
19,10/25/2025 11:10,,33.7,Deposit,,TRUE,,FALSE,0
20,10/25/2025 11:11,,33,Deposit,,TRUE,,FALSE,0
21,10/25/2025 11:12,,32,Balance Check,,TRUE,,FALSE,0
22,10/25/2025 11:12,,31.9,Deposit,,TRUE,,FALSE,0
23,10/25/2025 11:13,,31.2,Deposit,,TRUE,,FALSE,0
24,10/25/2025 11:13,,30.5,Transfer,,TRUE,,FALSE,0
25,10/25/2025 11:14,,29.7,Deposit,,TRUE,,FALSE,0
26,10/25/2025 11:14,,29.5,Transfer,,TRUE,,FALSE,0
27,10/25/2025 11:15,,28.6,Withdrawal,,TRUE,,FALSE,0
28,10/25/2025 11:16,,28,Withdrawal,,TRUE,,FALSE,0
29,10/25/2025 11:17,,26.9,Withdrawal,,TRUE,,FALSE,0
30,10/25/2025 11:17,,26.8,Deposit,,TRUE,,FALSE,0
31,10/25/2025 11:17,,26.8,Deposit,,TRUE,,FALSE,0
32,10/25/2025 11:17,,26.7,Pay Order,,TRUE,,FALSE,0
33,10/25/2025 11:17,,26.5,Loan Inquiry,,TRUE,,FALSE,0
34,10/25/2025 11:18,,25.6,Loan Inquiry,,TRUE,,FALSE,0
35,10/25/2025 11:18,,25.2,Deposit,,TRUE,,FALSE,0
36,10/25/2025 11:19,10.7,24.4,Deposit,T2,FALSE,35.2,TRUE,0
37,10/25/2025 11:20,,25.2,Deposit,,TRUE,,FALSE,0
38,10/25/2025 11:20,1,24.6,Withdrawal,T1,FALSE,25.6,TRUE,0
39,10/25/2025 11:21,,25,Transfer,,TRUE,,FALSE,0
40,10/25/2025 11:21,1,24.8,Balance Check,T1,FALSE,25.8,TRUE,0
41,10/25/2025 11:21,,25.5,Withdrawal,,TRUE,,FALSE,0
42,10/25/2025 11:21,,25.5,Balance Check,,TRUE,,FALSE,0
43,10/25/2025 11:22,,25.2,Deposit,,TRUE,,FALSE,0
44,10/25/2025 11:22,4.7,24.9,Deposit,T1,FALSE,29.6,TRUE,0
45,10/25/2025 11:22,,29.5,Deposit,,TRUE,,FALSE,0
46,10/25/2025 11:22,,29.5,Withdrawal,,TRUE,,FALSE,0
47,10/25/2025 11:22,,29.3,Loan Inquiry,,TRUE,,FALSE,0
48,10/25/2025 11:23,,28.6,Balance Check,,TRUE,,FALSE,0
49,10/25/2025 11:24,,27.6,Deposit,,TRUE,,FALSE,0
50,10/25/2025 11:25,,26.8,Loan Inquiry,,TRUE,,FALSE,0
51,10/25/2025 11:25,,26.2,Withdrawal,,TRUE,,FALSE,0
52,10/25/2025 11:25,,26.1,Deposit,,TRUE,,FALSE,0
53,10/25/2025 11:26,,26,Balance Check,,TRUE,,FALSE,0
54,10/25/2025 11:26,,25.9,Deposit,,TRUE,,FALSE,0
55,10/25/2025 11:26,,25.6,Pay Order,,TRUE,,FALSE,0
56,10/25/2025 11:26,,25.2,Deposit,,TRUE,,FALSE,0
57,10/25/2025 11:27,17.7,24.5,Loan Inquiry,T1,FALSE,42.2,TRUE,0
58,10/25/2025 11:28,1,24.8,Balance Check,T3,FALSE,25.8,TRUE,0
59,10/25/2025 11:28,,25.3,Deposit,,TRUE,,FALSE,0
60,10/25/2025 11:29,1,24.9,Deposit,T3,FALSE,25.9,TRUE,0
61,10/25/2025 11:29,,25,Deposit,,TRUE,,FALSE,0
62,10/25/2025 11:31,1,23.9,Balance Check,T3,FALSE,24.9,TRUE,0
63,10/25/2025 11:31,5.6,23.7,Deposit,T2,FALSE,29.3,TRUE,0
64,10/25/2025 11:31,7.4,24.5,Transfer,T3,FALSE,31.9,TRUE,0
65,10/25/2025 11:31,,28.7,Deposit,,TRUE,,FALSE,0
66,10/25/2025 11:32,,27.7,Balance Check,,TRUE,,FALSE,0
67,10/25/2025 11:33,,27.5,Balance Check,,TRUE,,FALSE,0
68,10/25/2025 11:33,,27.4,Transfer,,TRUE,,FALSE,0
69,10/25/2025 11:33,,27.2,Loan Inquiry,,TRUE,,FALSE,0
70,10/25/2025 11:33,,27.1,Loan Inquiry,,TRUE,,FALSE,0
71,10/25/2025 11:34,,26.1,Balance Check,,TRUE,,FALSE,0
72,10/25/2025 11:35,,25.3,Withdrawal,,TRUE,,FALSE,0
73,10/25/2025 11:35,,25,Deposit,,TRUE,,FALSE,0
74,10/25/2025 11:36,9.8,24.3,Withdrawal,T2,FALSE,34.1,TRUE,0
75,10/25/2025 11:37,,26.2,Balance Check,,TRUE,,FALSE,0
76,10/25/2025 11:37,,26.1,Withdrawal,,TRUE,,FALSE,0
77,10/25/2025 11:37,,25.6,Balance Check,,TRUE,,FALSE,0
78,10/25/2025 11:37,,25.4,Deposit,,TRUE,,FALSE,0
79,10/25/2025 11:38,,25.2,Deposit,,TRUE,,FALSE,0
80,10/25/2025 11:38,3.4,24.5,Withdrawal,T3,FALSE,27.9,TRUE,0
81,10/25/2025 11:39,,27.2,Pay Order,,TRUE,,FALSE,0
82,10/25/2025 11:39,,27,Deposit,,TRUE,,FALSE,0
83,10/25/2025 11:39,,26.7,Deposit,,TRUE,,FALSE,0
84,10/25/2025 11:40,,26.6,Balance Check,,TRUE,,FALSE,0
85,10/25/2025 11:40,,26.4,Transfer,,TRUE,,FALSE,0
86,10/25/2025 11:40,,26.2,Withdrawal,,TRUE,,FALSE,0
87,10/25/2025 11:42,3.8,24.2,Deposit,T3,FALSE,28,TRUE,0
88,10/25/2025 11:43,,26.4,Pay Order,,TRUE,,FALSE,0
89,10/25/2025 11:45,16.3,24.6,Loan Inquiry,T1,FALSE,40.9,TRUE,0
90,10/25/2025 11:45,,25.3,Pay Order,,TRUE,,FALSE,0
91,10/25/2025 11:45,,25,Withdrawal,,TRUE,,FALSE,0
92,10/25/2025 11:45,1.1,24.6,Balance Check,T2,FALSE,25.6,TRUE,0
93,10/25/2025 11:46,1,24.5,Deposit,T3,FALSE,25.5,TRUE,0
94,10/25/2025 11:46,,25.1,Withdrawal,,TRUE,,FALSE,0
95,10/25/2025 11:47,1,24.3,Withdrawal,T2,FALSE,25.3,TRUE,0
96,10/25/2025 11:47,27.2,24,Loan Inquiry,T3,FALSE,51.2,TRUE,0
97,10/25/2025 11:47,4,24.9,Deposit,T2,FALSE,28.9,TRUE,0
98,10/25/2025 11:48,,27.8,Deposit,,TRUE,,FALSE,0
99,10/25/2025 11:49,,27.5,Transfer,,TRUE,,FALSE,0
100,10/25/2025 11:50,,25.8,Deposit,,TRUE,,FALSE,0
101,10/25/2025 11:50,,25.6,Loan Inquiry,,TRUE,,FALSE,0
102,10/25/2025 11:51,,25.2,Deposit,,TRUE,,FALSE,0
103,10/25/2025 11:51,19.8,24.6,Deposit,T2,FALSE,44.3,TRUE,0
104,10/25/2025 11:51,,34.1,Deposit,,TRUE,,FALSE,0
105,10/25/2025 11:52,,33.1,Deposit,,TRUE,,FALSE,0
106,10/25/2025 11:52,,33,Loan Inquiry,,TRUE,,FALSE,0
107,10/25/2025 11:53,,32.9,Deposit,,TRUE,,FALSE,0
108,10/25/2025 11:53,,32.7,Withdrawal,,TRUE,,FALSE,0
109,10/25/2025 11:54,,31.8,Withdrawal,,TRUE,,FALSE,0
110,10/25/2025 11:54,,31.8,Loan Inquiry,,TRUE,,FALSE,0
111,10/25/2025 11:55,,31,Transfer,,TRUE,,FALSE,0
112,10/25/2025 11:55,,31,Deposit,,TRUE,,FALSE,0
113,10/25/2025 11:55,,31,Deposit,,TRUE,,FALSE,0
114,10/25/2025 11:56,,29.8,Deposit,,TRUE,,FALSE,0
115,10/25/2025 11:56,,29.7,Deposit,,TRUE,,FALSE,0
116,10/25/2025 11:57,,28.1,Pay Order,,TRUE,,FALSE,0
117,10/25/2025 11:58,,27.6,Deposit,,TRUE,,FALSE,0
118,10/25/2025 11:58,,27.5,Withdrawal,,TRUE,,FALSE,0
119,10/25/2025 11:59,,26.9,Withdrawal,,TRUE,,FALSE,0
120,10/25/2025 11:59,,26.8,Balance Check,,TRUE,,FALSE,0
121,10/25/2025 12:01,1,24.8,Deposit,T1,FALSE,25.8,TRUE,0
122,10/25/2025 12:01,,25.7,Balance Check,,TRUE,,FALSE,0
123,10/25/2025 12:01,,25.6,Balance Check,,TRUE,,FALSE,0
124,10/25/2025 12:03,2.2,24,Withdrawal,T1,FALSE,26.1,TRUE,0
125,10/25/2025 12:04,3.2,24.7,Transfer,T1,FALSE,27.9,TRUE,0
126,10/25/2025 12:05,,27.3,Withdrawal,,TRUE,,FALSE,0
127,10/25/2025 12:07,11,24.9,Deposit,T1,FALSE,35.9,TRUE,0
128,10/25/2025 12:07,,28.5,Deposit,,TRUE,,FALSE,0
129,10/25/2025 12:07,,28.3,Pay Order,,TRUE,,FALSE,0
130,10/25/2025 12:09,,26.8,Withdrawal,,TRUE,,FALSE,0
131,10/25/2025 12:10,,26.1,Withdrawal,,TRUE,,FALSE,0
132,10/25/2025 12:11,,25.1,Pay Order,,TRUE,,FALSE,0
133,10/25/2025 12:11,10.2,24.7,Deposit,T2,FALSE,34.8,TRUE,0
134,10/25/2025 12:11,,26.9,Deposit,,TRUE,,FALSE,0
135,10/25/2025 12:12,,26.7,Deposit,,TRUE,,FALSE,0
136,10/25/2025 12:12,,26,Balance Check,,TRUE,,FALSE,0
137,10/25/2025 12:13,,25.6,Withdrawal,,TRUE,,FALSE,0
138,10/25/2025 12:13,,25.6,Deposit,,TRUE,,FALSE,0
139,10/25/2025 12:13,,25.4,Withdrawal,,TRUE,,FALSE,0
140,10/25/2025 12:13,,25.4,Deposit,,TRUE,,FALSE,0
141,10/25/2025 12:13,,25.1,Deposit,,TRUE,,FALSE,0
142,10/25/2025 12:13,,25.1,Balance Check,,TRUE,,FALSE,0
143,10/25/2025 12:13,8.6,25,Deposit,T3,FALSE,33.6,TRUE,0
144,10/25/2025 12:15,,28.2,Deposit,,TRUE,,FALSE,0
145,10/25/2025 12:15,,28.1,Deposit,,TRUE,,FALSE,0
146,10/25/2025 12:15,,28,Deposit,,TRUE,,FALSE,0
147,10/25/2025 12:16,,26.4,Deposit,,TRUE,,FALSE,0
148,10/25/2025 12:17,,26.1,Deposit,,TRUE,,FALSE,0
149,10/25/2025 12:18,1,24.9,Withdrawal,T1,FALSE,25.9,TRUE,0
150,10/25/2025 12:18,,25.4,Deposit,,TRUE,,FALSE,0
151,10/25/2025 12:19,,25.4,Balance Check,,TRUE,,FALSE,0
152,10/25/2025 12:19,,25.3,Deposit,,TRUE,,FALSE,0
153,10/25/2025 12:19,,25,Pay Order,,TRUE,,FALSE,0
154,10/25/2025 12:19,1,25,Balance Check,T1,FALSE,26,TRUE,0
155,10/25/2025 12:20,,25.3,Pay Order,,TRUE,,FALSE,0
156,10/25/2025 12:20,,25.1,Deposit,,TRUE,,FALSE,0
157,10/25/2025 12:20,1.2,24.8,Balance Check,T1,FALSE,26,TRUE,0
158,10/25/2025 12:20,,25.8,Transfer,,TRUE,,FALSE,0
159,10/25/2025 12:20,,25.7,Deposit,,TRUE,,FALSE,0
160,10/25/2025 12:21,,25.4,Withdrawal,,TRUE,,FALSE,0
161,10/25/2025 12:21,,25.4,Withdrawal,,TRUE,,FALSE,0
162,10/25/2025 12:21,,25.3,Pay Order,,TRUE,,FALSE,0
163,10/25/2025 12:21,,25.1,Loan Inquiry,,TRUE,,FALSE,0
164,10/25/2025 12:23,4.2,22.9,Balance Check,T2,FALSE,27.2,TRUE,0
165,10/25/2025 12:23,2.2,22.9,Loan Inquiry,T1,FALSE,25.1,TRUE,0
166,10/25/2025 12:23,3.1,23.4,Withdrawal,T3,FALSE,26.5,TRUE,0
167,10/25/2025 12:24,15,24.5,Transfer,T1,FALSE,39.5,TRUE,0
168,10/25/2025 12:24,,26.2,Deposit,,TRUE,,FALSE,0
169,10/25/2025 12:24,,26.2,Deposit,,TRUE,,FALSE,0
170,10/25/2025 12:25,6.2,25,Withdrawal,T3,FALSE,31.2,TRUE,0
171,10/25/2025 12:25,1,24.9,Balance Check,T2,FALSE,25.9,TRUE,0
172,10/25/2025 12:26,,25.6,Pay Order,,TRUE,,FALSE,0
173,10/25/2025 12:26,,25.4,Deposit,,TRUE,,FALSE,0
174,10/25/2025 12:26,,25,Withdrawal,,TRUE,,FALSE,0
175,10/25/2025 12:28,1,23,Deposit,T2,FALSE,24,TRUE,0
176,10/25/2025 12:28,7.7,23.8,Transfer,T2,FALSE,31.5,TRUE,0
177,10/25/2025 12:29,,27.4,Deposit,,TRUE,,FALSE,0
178,10/25/2025 12:29,,27.2,Deposit,,TRUE,,FALSE,0
179,10/25/2025 12:29,,26.8,Transfer,,TRUE,,FALSE,0
180,10/25/2025 12:31,2.7,24.7,Balance Check,T3,FALSE,27.4,TRUE,0
181,10/25/2025 12:32,,27.1,Deposit,,TRUE,,FALSE,0
182,10/25/2025 12:32,,26.6,Pay Order,,TRUE,,FALSE,0
183,10/25/2025 12:32,,26.4,Withdrawal,,TRUE,,FALSE,0
184,10/25/2025 12:33,,26.2,Deposit,,TRUE,,FALSE,0
185,10/25/2025 12:33,,25.6,Balance Check,,TRUE,,FALSE,0
186,10/25/2025 12:33,,25.5,Withdrawal,,TRUE,,FALSE,0
187,10/25/2025 12:33,,25.4,Loan Inquiry,,TRUE,,FALSE,0
188,10/25/2025 12:34,5.6,24.6,Withdrawal,T3,FALSE,30.2,TRUE,0
189,10/25/2025 12:34,,25.6,Balance Check,,TRUE,,FALSE,0
190,10/25/2025 12:34,,25.5,Balance Check,,TRUE,,FALSE,0
191,10/25/2025 12:35,1.8,24.9,Deposit,T2,FALSE,26.7,TRUE,0
192,10/25/2025 12:36,,26,Deposit,,TRUE,,FALSE,0
193,10/25/2025 12:36,,25.8,Deposit,,TRUE,,FALSE,0
194,10/25/2025 12:39,3.6,23.1,Deposit,T2,FALSE,26.8,TRUE,0
195,10/25/2025 12:39,4.6,24,Deposit,T1,FALSE,28.6,TRUE,0
196,10/25/2025 12:40,1.8,24.5,Withdrawal,T3,FALSE,26.3,TRUE,0
197,10/25/2025 12:41,1.7,24.8,Balance Check,T2,FALSE,26.6,TRUE,0
198,10/25/2025 12:41,,25.3,Transfer,,TRUE,,FALSE,0
199,10/25/2025 12:41,,25.1,Withdrawal,,TRUE,,FALSE,0
200,10/25/2025 12:42,1.9,24.7,Deposit,T3,FALSE,26.6,TRUE,0
1,10/26/2025 11:00,7.4,0,Withdrawal,T1,FALSE,7.4,TRUE,0
2,10/26/2025 11:01,1,0,Deposit,T2,FALSE,1,TRUE,0
3,10/26/2025 11:01,9.6,0,Deposit,T3,FALSE,9.6,TRUE,0
4,10/26/2025 11:02,7.4,0,Balance Check,T2,FALSE,7.4,TRUE,0
5,10/26/2025 11:02,6,5.1,Withdrawal,T1,FALSE,11.1,TRUE,0
6,10/26/2025 11:02,1.2,7.2,Withdrawal,T2,FALSE,8.4,TRUE,0
7,10/26/2025 11:02,3.4,8,Deposit,T2,FALSE,11.5,TRUE,0
8,10/26/2025 11:03,1.1,8.2,Withdrawal,T3,FALSE,9.3,TRUE,0
9,10/26/2025 11:03,24.1,8.7,Deposit,T3,FALSE,32.8,TRUE,0
10,10/26/2025 11:04,1,9.4,Withdrawal,T1,FALSE,10.4,TRUE,0
11,10/26/2025 11:04,5.2,9.7,Deposit,T2,FALSE,14.9,TRUE,0
12,10/26/2025 11:04,9,9.5,Loan Inquiry,T1,FALSE,18.5,TRUE,0
13,10/26/2025 11:05,7.5,14.6,Pay Order,T2,FALSE,22.1,TRUE,0
14,10/26/2025 11:05,24.3,18.4,Pay Order,T1,FALSE,42.7,TRUE,0
15,10/26/2025 11:06,55.1,21,Pay Order,T2,FALSE,76.1,TRUE,0
16,10/26/2025 11:06,,29.6,Loan Inquiry,,TRUE,,FALSE,0
17,10/26/2025 11:07,,29.2,Withdrawal,,TRUE,,FALSE,0
18,10/26/2025 11:07,,28.8,Pay Order,,TRUE,,FALSE,0
19,10/26/2025 11:07,,28.7,Withdrawal,,TRUE,,FALSE,0
20,10/26/2025 11:08,,28.4,Deposit,,TRUE,,FALSE,0
21,10/26/2025 11:08,,28.4,Deposit,,TRUE,,FALSE,0
22,10/26/2025 11:08,,28.2,Loan Inquiry,,TRUE,,FALSE,0
23,10/26/2025 11:08,,27.8,Deposit,,TRUE,,FALSE,0
24,10/26/2025 11:08,,27.7,Deposit,,TRUE,,FALSE,0
25,10/26/2025 11:10,,25.8,Loan Inquiry,,TRUE,,FALSE,0
26,10/26/2025 11:11,8.1,24.9,Deposit,T3,FALSE,33,TRUE,0
27,10/26/2025 11:11,,32.9,Deposit,,TRUE,,FALSE,0
28,10/26/2025 11:12,,32.1,Loan Inquiry,,TRUE,,FALSE,0
29,10/26/2025 11:12,,31.9,Deposit,,TRUE,,FALSE,0
30,10/26/2025 11:13,,31,Deposit,,TRUE,,FALSE,0
31,10/26/2025 11:14,,30.2,Deposit,,TRUE,,FALSE,0
32,10/26/2025 11:14,,30,Pay Order,,TRUE,,FALSE,0
33,10/26/2025 11:14,,30,Withdrawal,,TRUE,,FALSE,0
34,10/26/2025 11:14,,29.9,Withdrawal,,TRUE,,FALSE,0
35,10/26/2025 11:15,,29.3,Loan Inquiry,,TRUE,,FALSE,0
36,10/26/2025 11:15,,28.5,Deposit,,TRUE,,FALSE,0
37,10/26/2025 11:16,,28.4,Pay Order,,TRUE,,FALSE,0
38,10/26/2025 11:17,,27.4,Transfer,,TRUE,,FALSE,0
39,10/26/2025 11:17,,26.6,Pay Order,,TRUE,,FALSE,0
40,10/26/2025 11:20,12.8,24.3,Withdrawal,T3,FALSE,37.1,TRUE,0
41,10/26/2025 11:20,,27.2,Withdrawal,,TRUE,,FALSE,0
42,10/26/2025 11:22,,25.7,Withdrawal,,TRUE,,FALSE,0
43,10/26/2025 11:23,2.2,24.7,Balance Check,T1,FALSE,26.9,TRUE,0
44,10/26/2025 11:23,,26.9,Deposit,,TRUE,,FALSE,0
45,10/26/2025 11:23,,26.2,Withdrawal,,TRUE,,FALSE,0
46,10/26/2025 11:23,,26.1,Deposit,,TRUE,,FALSE,0
47,10/26/2025 11:24,,25.8,Deposit,,TRUE,,FALSE,0
48,10/26/2025 11:24,,25.4,Deposit,,TRUE,,FALSE,0
49,10/26/2025 11:24,,25.1,Deposit,,TRUE,,FALSE,0
50,10/26/2025 11:25,1.8,24.8,Deposit,T1,FALSE,26.6,TRUE,0
51,10/26/2025 11:25,,26.2,Deposit,,TRUE,,FALSE,0
52,10/26/2025 11:25,,25.9,Pay Order,,TRUE,,FALSE,0
53,10/26/2025 11:26,,25.8,Withdrawal,,TRUE,,FALSE,0
54,10/26/2025 11:26,,25.7,Loan Inquiry,,TRUE,,FALSE,0
55,10/26/2025 11:29,1,22.3,Withdrawal,T1,FALSE,23.3,TRUE,0
56,10/26/2025 11:29,18,22.8,Loan Inquiry,T1,FALSE,40.9,TRUE,0
57,10/26/2025 11:31,,26.2,Balance Check,,TRUE,,FALSE,0
58,10/26/2025 11:31,,26,Pay Order,,TRUE,,FALSE,0
59,10/26/2025 11:31,,25.8,Balance Check,,TRUE,,FALSE,0
60,10/26/2025 11:33,1,23.7,Balance Check,T3,FALSE,24.7,TRUE,0
61,10/26/2025 11:34,1,24.3,Withdrawal,T3,FALSE,25.3,TRUE,0
62,10/26/2025 11:35,7.1,24.2,Transfer,T3,FALSE,31.3,TRUE,0
63,10/26/2025 11:35,,30.8,Withdrawal,,TRUE,,FALSE,0
64,10/26/2025 11:35,,30.7,Deposit,,TRUE,,FALSE,0
65,10/26/2025 11:36,,30.2,Deposit,,TRUE,,FALSE,0
66,10/26/2025 11:36,,30,Deposit,,TRUE,,FALSE,0
67,10/26/2025 11:36,,29.5,Transfer,,TRUE,,FALSE,0
68,10/26/2025 11:37,,29.4,Withdrawal,,TRUE,,FALSE,0
69,10/26/2025 11:37,,29.1,Withdrawal,,TRUE,,FALSE,0
70,10/26/2025 11:37,,29.1,Deposit,,TRUE,,FALSE,0
71,10/26/2025 11:38,,28,Withdrawal,,TRUE,,FALSE,0
72,10/26/2025 11:39,,26.9,Deposit,,TRUE,,FALSE,0
73,10/26/2025 11:40,,26.2,Loan Inquiry,,TRUE,,FALSE,0
74,10/26/2025 11:40,,25.7,Deposit,,TRUE,,FALSE,0
75,10/26/2025 11:40,,25.6,Deposit,,TRUE,,FALSE,0
76,10/26/2025 11:41,9.5,24.5,Withdrawal,T3,FALSE,34,TRUE,0
77,10/26/2025 11:41,,28.9,Deposit,,TRUE,,FALSE,0
78,10/26/2025 11:43,,27.8,Pay Order,,TRUE,,FALSE,0
79,10/26/2025 11:43,,27.7,Balance Check,,TRUE,,FALSE,0
80,10/26/2025 11:43,,27.7,Withdrawal,,TRUE,,FALSE,0
81,10/26/2025 11:43,,27.2,Loan Inquiry,,TRUE,,FALSE,0
82,10/26/2025 11:43,,27,Transfer,,TRUE,,FALSE,0
83,10/26/2025 11:46,1.8,24.1,Deposit,T1,FALSE,25.9,TRUE,0
84,10/26/2025 11:46,,25.7,Pay Order,,TRUE,,FALSE,0
85,10/26/2025 11:47,,25.6,Withdrawal,,TRUE,,FALSE,0
86,10/26/2025 11:47,,25.2,Withdrawal,,TRUE,,FALSE,0
87,10/26/2025 11:47,3.4,25,Balance Check,T1,FALSE,28.3,TRUE,0
88,10/26/2025 11:47,,28.2,Withdrawal,,TRUE,,FALSE,0
89,10/26/2025 11:48,,27.9,Balance Check,,TRUE,,FALSE,0
90,10/26/2025 11:48,,27.6,Deposit,,TRUE,,FALSE,0
91,10/26/2025 11:48,,27.5,Deposit,,TRUE,,FALSE,0
92,10/26/2025 11:49,,26.7,Withdrawal,,TRUE,,FALSE,0
93,10/26/2025 11:49,,26.5,Withdrawal,,TRUE,,FALSE,0
94,10/26/2025 11:49,,26.5,Pay Order,,TRUE,,FALSE,0
95,10/26/2025 11:49,,26.3,Deposit,,TRUE,,FALSE,0
96,10/26/2025 11:49,,26.1,Deposit,,TRUE,,FALSE,0
97,10/26/2025 11:50,,25.8,Deposit,,TRUE,,FALSE,0
98,10/26/2025 11:50,,25.6,Deposit,,TRUE,,FALSE,0
99,10/26/2025 11:50,,25.1,Withdrawal,,TRUE,,FALSE,0
100,10/26/2025 11:50,,25.1,Deposit,,TRUE,,FALSE,0
101,10/26/2025 11:51,1,24.6,Deposit,T3,FALSE,25.6,TRUE,0
102,10/26/2025 11:51,13.1,24.4,Deposit,T1,FALSE,37.5,TRUE,0
103,10/26/2025 11:52,1,24.4,Withdrawal,T3,FALSE,25.4,TRUE,0
104,10/26/2025 11:53,1,24.7,Transfer,T3,FALSE,25.7,TRUE,0
105,10/26/2025 11:53,,25.1,Balance Check,,TRUE,,FALSE,0
106,10/26/2025 11:54,1.8,24.8,Deposit,T3,FALSE,26.6,TRUE,0
107,10/26/2025 11:54,,26.5,Withdrawal,,TRUE,,FALSE,0
108,10/26/2025 11:54,,25.7,Withdrawal,,TRUE,,FALSE,0
109,10/26/2025 11:55,23.4,25,Loan Inquiry,T3,FALSE,48.4,TRUE,0
110,10/26/2025 11:55,,26.5,Withdrawal,,TRUE,,FALSE,0
111,10/26/2025 11:56,,25.9,Loan Inquiry,,TRUE,,FALSE,0
112,10/26/2025 11:57,11.2,25,Deposit,T2,FALSE,36.1,TRUE,0
113,10/26/2025 11:59,,29.4,Deposit,,TRUE,,FALSE,0
114,10/26/2025 12:00,,28.7,Withdrawal,,TRUE,,FALSE,0
115,10/26/2025 12:00,,28.5,Balance Check,,TRUE,,FALSE,0
116,10/26/2025 12:01,,28.1,Balance Check,,TRUE,,FALSE,0
117,10/26/2025 12:01,,27.8,Loan Inquiry,,TRUE,,FALSE,0
118,10/26/2025 12:02,,26.8,Withdrawal,,TRUE,,FALSE,0
119,10/26/2025 12:03,,26.1,Pay Order,,TRUE,,FALSE,0
120,10/26/2025 12:03,,25.9,Transfer,,TRUE,,FALSE,0
121,10/26/2025 12:03,,25.7,Pay Order,,TRUE,,FALSE,0
122,10/26/2025 12:03,,25.6,Pay Order,,TRUE,,FALSE,0
123,10/26/2025 12:04,1,24.7,Balance Check,T1,FALSE,25.7,TRUE,0
124,10/26/2025 12:04,,25.4,Deposit,,TRUE,,FALSE,0
125,10/26/2025 12:05,,25.1,Deposit,,TRUE,,FALSE,0
126,10/26/2025 12:05,8.4,24.2,Withdrawal,T1,FALSE,32.6,TRUE,0
127,10/26/2025 12:06,,26.8,Deposit,,TRUE,,FALSE,0
128,10/26/2025 12:08,,25,Balance Check,,TRUE,,FALSE,0
129,10/26/2025 12:10,1.3,23.4,Pay Order,T2,FALSE,24.7,TRUE,0
130,10/26/2025 12:10,2.1,24.5,Deposit,T2,FALSE,26.5,TRUE,0
131,10/26/2025 12:10,,26.4,Deposit,,TRUE,,FALSE,0
132,10/26/2025 12:10,,26.2,Transfer,,TRUE,,FALSE,0
133,10/26/2025 12:11,,25.8,Withdrawal,,TRUE,,FALSE,0
134,10/26/2025 12:12,1.4,24.8,Transfer,T2,FALSE,26.2,TRUE,0
135,10/26/2025 12:12,,25.9,Transfer,,TRUE,,FALSE,0
136,10/26/2025 12:12,,25.2,Balance Check,,TRUE,,FALSE,0
137,10/26/2025 12:13,5.3,24.6,Deposit,T2,FALSE,29.9,TRUE,0
138,10/26/2025 12:13,1,24.8,Withdrawal,T1,FALSE,25.8,TRUE,0
139,10/26/2025 12:13,,25.6,Withdrawal,,TRUE,,FALSE,0
140,10/26/2025 12:14,,25.5,Deposit,,TRUE,,FALSE,0
141,10/26/2025 12:14,,25.2,Withdrawal,,TRUE,,FALSE,0
142,10/26/2025 12:14,,25.2,Withdrawal,,TRUE,,FALSE,0
143,10/26/2025 12:14,,25,Deposit,,TRUE,,FALSE,0
144,10/26/2025 12:14,1,24.9,Withdrawal,T1,FALSE,25.9,TRUE,0
145,10/26/2025 12:14,,25.9,Deposit,,TRUE,,FALSE,0
146,10/26/2025 12:15,,25.4,Deposit,,TRUE,,FALSE,0
147,10/26/2025 12:15,,25.3,Balance Check,,TRUE,,FALSE,0
148,10/26/2025 12:15,,25,Pay Order,,TRUE,,FALSE,0
149,10/26/2025 12:15,2.5,24.9,Transfer,T1,FALSE,27.4,TRUE,0
150,10/26/2025 12:15,,27.3,Balance Check,,TRUE,,FALSE,0
151,10/26/2025 12:15,,27.3,Withdrawal,,TRUE,,FALSE,0
152,10/26/2025 12:15,,27.3,Balance Check,,TRUE,,FALSE,0
153,10/26/2025 12:17,,25.7,Deposit,,TRUE,,FALSE,0
154,10/26/2025 12:17,,25,Loan Inquiry,,TRUE,,FALSE,0
155,10/26/2025 12:18,4.1,24.8,Withdrawal,T1,FALSE,28.9,TRUE,0
156,10/26/2025 12:18,,25.1,Transfer,,TRUE,,FALSE,0
157,10/26/2025 12:18,10.8,25,Withdrawal,T2,FALSE,35.8,TRUE,0
158,10/26/2025 12:18,,25.4,Loan Inquiry,,TRUE,,FALSE,0
159,10/26/2025 12:19,3,25,Withdrawal,T3,FALSE,28,TRUE,0
160,10/26/2025 12:20,,26.4,Deposit,,TRUE,,FALSE,0
161,10/26/2025 12:21,,25.9,Withdrawal,,TRUE,,FALSE,0
162,10/26/2025 12:21,,25.5,Balance Check,,TRUE,,FALSE,0
163,10/26/2025 12:21,,25.4,Balance Check,,TRUE,,FALSE,0
164,10/26/2025 12:21,,25.4,Loan Inquiry,,TRUE,,FALSE,0
165,10/26/2025 12:21,,25.3,Withdrawal,,TRUE,,FALSE,0
166,10/26/2025 12:22,12.7,24.7,Deposit,T3,FALSE,37.4,TRUE,0
167,10/26/2025 12:22,2.8,24.7,Transfer,T1,FALSE,27.5,TRUE,0
168,10/26/2025 12:23,,26.6,Deposit,,TRUE,,FALSE,0
169,10/26/2025 12:24,,25.8,Deposit,,TRUE,,FALSE,0
170,10/26/2025 12:25,7,24.9,Deposit,T1,FALSE,31.8,TRUE,0
171,10/26/2025 12:25,,28.6,Pay Order,,TRUE,,FALSE,0
172,10/26/2025 12:25,,28.6,Pay Order,,TRUE,,FALSE,0
173,10/26/2025 12:25,,28.5,Withdrawal,,TRUE,,FALSE,0
174,10/26/2025 12:26,,28.3,Withdrawal,,TRUE,,FALSE,0
175,10/26/2025 12:26,,28,Balance Check,,TRUE,,FALSE,0
176,10/26/2025 12:26,,27.4,Deposit,,TRUE,,FALSE,0
177,10/26/2025 12:27,,27.1,Deposit,,TRUE,,FALSE,0
178,10/26/2025 12:27,,26.9,Deposit,,TRUE,,FALSE,0
179,10/26/2025 12:27,,26.4,Transfer,,TRUE,,FALSE,0
180,10/26/2025 12:29,8.2,24.6,Withdrawal,T2,FALSE,32.8,TRUE,0
181,10/26/2025 12:30,,26.3,Balance Check,,TRUE,,FALSE,0
182,10/26/2025 12:30,,26,Deposit,,TRUE,,FALSE,0
183,10/26/2025 12:31,,25.7,Loan Inquiry,,TRUE,,FALSE,0
184,10/26/2025 12:31,,25.3,Deposit,,TRUE,,FALSE,0
185,10/26/2025 12:31,4.7,25,Deposit,T1,FALSE,29.7,TRUE,0
186,10/26/2025 12:32,,27.7,Loan Inquiry,,TRUE,,FALSE,0
187,10/26/2025 12:33,,26.7,Pay Order,,TRUE,,FALSE,0
188,10/26/2025 12:33,,26.6,Deposit,,TRUE,,FALSE,0
189,10/26/2025 12:33,,26.5,Deposit,,TRUE,,FALSE,0
190,10/26/2025 12:33,,26,Balance Check,,TRUE,,FALSE,0
191,10/26/2025 12:33,,25.8,Balance Check,,TRUE,,FALSE,0
192,10/26/2025 12:35,3.9,24.6,Balance Check,T3,FALSE,28.5,TRUE,0
193,10/26/2025 12:36,6.7,24.7,Withdrawal,T1,FALSE,31.4,TRUE,0
194,10/26/2025 12:38,5.3,24.6,Withdrawal,T2,FALSE,29.8,TRUE,0
195,10/26/2025 12:38,,25.5,Deposit,,TRUE,,FALSE,0
196,10/26/2025 12:38,,25.5,Deposit,,TRUE,,FALSE,0
197,10/26/2025 12:38,,25.3,Deposit,,TRUE,,FALSE,0
198,10/26/2025 12:38,1.9,24.9,Withdrawal,T3,FALSE,26.8,TRUE,0
199,10/26/2025 12:39,,26,Loan Inquiry,,TRUE,,FALSE,0
200,10/26/2025 12:40,,25.2,Deposit,,TRUE,,FALSE,0
